run_id,topic_id,topic_title,phase,status,run_state,created_at,updated_at
20260501_115533_mlf_001,mlf_001,What machine learning is actually learning,evaluation_complete,completed,"{""phase"":""evaluation_complete"",""run_id"":""20260501_115533_mlf_001"",""scores"":{""communication"":3,""conceptual_clarity"":3,""architect_reasoning"":3,""practical_reasoning"":3},""status"":""completed"",""topic_id"":""mlf_001"",""artifacts"":{""answers"":""runs/20260501_115533_mlf_001/answers.json"",""rewards"":""runs/20260501_115533_mlf_001/rewards.json"",""assessment"":""runs/20260501_115533_mlf_001/assessment.json"",""evaluation"":""runs/20260501_115533_mlf_001/evaluation.json"",""concept_note"":""runs/20260501_115533_mlf_001/concept_note.json"",""refined_note"":""notes/refined/mlf_001_refined.md"",""architect_note"":""runs/20260501_115533_mlf_001/architect_note.json"",""answer_coaching"":""runs/20260501_115533_mlf_001/answer_coaching_error.json""},""topic_name"":""What machine learning is actually learning"",""next_action"":""reinforce_and_continue"",""prerequisites"":[]}",2026-05-01 12:13:11.173048+00,2026-05-01 12:13:11.173048+00
20260501_121700_mlf_002,mlf_002,Features vs labels,evaluation_complete,completed,"{""phase"":""evaluation_complete"",""run_id"":""20260501_121700_mlf_002"",""scores"":{""communication"":3,""conceptual_clarity"":3,""architect_reasoning"":2,""practical_reasoning"":3},""status"":""completed"",""topic_id"":""mlf_002"",""artifacts"":{""answers"":""runs/20260501_121700_mlf_002/answers.json"",""rewards"":""runs/20260501_121700_mlf_002/rewards.json"",""assessment"":""runs/20260501_121700_mlf_002/assessment.json"",""evaluation"":""runs/20260501_121700_mlf_002/evaluation.json"",""concept_note"":""runs/20260501_121700_mlf_002/concept_note.json"",""refined_note"":""notes/refined/mlf_002_refined.md"",""architect_note"":""runs/20260501_121700_mlf_002/architect_note.json"",""answer_coaching"":""runs/20260501_121700_mlf_002/answer_coaching_error.json""},""topic_name"":""Features vs labels"",""next_action"":""reinforce_and_continue"",""prerequisites"":[""mlf_001""]}",2026-05-02 07:20:23.81784+00,2026-05-02 07:20:23.81784+00
20260502_072407_mlf_003,mlf_003,Training data vs test data,evaluation_complete,completed,"{""phase"":""evaluation_complete"",""run_id"":""20260502_072407_mlf_003"",""scores"":{""communication"":3,""conceptual_clarity"":3,""architect_reasoning"":3,""practical_reasoning"":3},""status"":""completed"",""topic_id"":""mlf_003"",""artifacts"":{""answers"":""runs/20260502_072407_mlf_003/answers.json"",""rewards"":""runs/20260502_072407_mlf_003/rewards.json"",""assessment"":""runs/20260502_072407_mlf_003/assessment.json"",""evaluation"":""runs/20260502_072407_mlf_003/evaluation.json"",""concept_note"":""runs/20260502_072407_mlf_003/concept_note.json"",""refined_note"":""notes/refined/mlf_003_refined.md"",""architect_note"":""runs/20260502_072407_mlf_003/architect_note.json"",""answer_coaching"":""runs/20260502_072407_mlf_003/answer_coaching_error.json""},""topic_name"":""Training data vs test data"",""next_action"":""reinforce_and_continue"",""prerequisites"":[""mlf_001"",""mlf_002""]}",2026-05-02 13:17:29.025058+00,2026-05-02 13:17:29.025058+00
20260502_212052_mlf_004,mlf_004,What a baseline really is,evaluation_complete,completed,"{""phase"":""evaluation_complete"",""run_id"":""20260502_212052_mlf_004"",""scores"":{""communication"":3,""conceptual_clarity"":3,""architect_reasoning"":2,""practical_reasoning"":3},""status"":""completed"",""topic_id"":""mlf_004"",""artifacts"":{""answers"":""runs/20260502_212052_mlf_004/answers.json"",""rewards"":""runs/20260502_212052_mlf_004/rewards.json"",""assessment"":""runs/20260502_212052_mlf_004/assessment.json"",""evaluation"":""runs/20260502_212052_mlf_004/evaluation.json"",""concept_note"":""runs/20260502_212052_mlf_004/concept_note.json"",""refined_note"":""notes/refined/mlf_004_refined.md"",""architect_note"":""runs/20260502_212052_mlf_004/architect_note.json"",""answer_coaching"":""runs/20260502_212052_mlf_004/answer_coaching_error.json""},""topic_name"":""What a baseline really is"",""next_action"":""reinforce_and_continue"",""prerequisites"":[""mlf_003""]}",2026-05-02 21:39:07.529482+00,2026-05-02 21:39:07.529482+00
20260503_120911_mlf_005,mlf_005,Generalization,evaluation_complete,fail_prereq,"{""phase"":""evaluation_complete"",""run_id"":""20260503_120911_mlf_005"",""scores"":{""communication"":1,""conceptual_clarity"":1,""architect_reasoning"":1,""practical_reasoning"":1},""status"":""fail_prereq"",""topic_id"":""mlf_005"",""artifacts"":{""answers"":""runs/20260503_120911_mlf_005/answers.json"",""rewards"":""runs/20260503_120911_mlf_005/rewards.json"",""assessment"":""runs/20260503_120911_mlf_005/assessment.json"",""evaluation"":""runs/20260503_120911_mlf_005/evaluation.json"",""concept_note"":""runs/20260503_120911_mlf_005/concept_note.json"",""refined_note"":""notes/refined/mlf_005_refined.md"",""architect_note"":""runs/20260503_120911_mlf_005/architect_note.json"",""answer_coaching"":""runs/20260503_120911_mlf_005/answer_coaching.json""},""topic_name"":""Generalization"",""next_action"":""go_to_prerequisite"",""prerequisites"":[""mlf_003""]}",2026-05-03 12:16:23.233578+00,2026-05-03 12:16:23.233578+00
20260503_121931_mlf_004,mlf_004,What a baseline really is,evaluation_complete,completed,"{""phase"":""evaluation_complete"",""run_id"":""20260503_121931_mlf_004"",""scores"":{""communication"":3,""conceptual_clarity"":3,""architect_reasoning"":2,""practical_reasoning"":3},""status"":""completed"",""topic_id"":""mlf_004"",""artifacts"":{""answers"":""runs/20260503_121931_mlf_004/answers.json"",""rewards"":""runs/20260503_121931_mlf_004/rewards.json"",""assessment"":""runs/20260503_121931_mlf_004/assessment.json"",""evaluation"":""runs/20260503_121931_mlf_004/evaluation.json"",""concept_note"":""runs/20260503_121931_mlf_004/concept_note.json"",""refined_note"":""notes/refined/mlf_004_refined.md"",""architect_note"":""runs/20260503_121931_mlf_004/architect_note.json"",""answer_coaching"":""runs/20260503_121931_mlf_004/answer_coaching.json""},""topic_name"":""What a baseline really is"",""next_action"":""reinforce_and_continue"",""prerequisites"":[""mlf_003""]}",2026-05-03 17:30:06.689849+00,2026-05-03 17:30:06.689849+00
20260503_173918_mlf_001,mlf_001,What machine learning is actually learning,evaluation_complete,completed,"{""phase"":""evaluation_complete"",""run_id"":""20260503_173918_mlf_001"",""scores"":{""communication"":3,""conceptual_clarity"":3,""architect_reasoning"":3,""practical_reasoning"":3},""status"":""completed"",""topic_id"":""mlf_001"",""artifacts"":{""answers"":""runs/20260503_173918_mlf_001/answers.json"",""rewards"":""runs/20260503_173918_mlf_001/rewards.json"",""assessment"":""runs/20260503_173918_mlf_001/assessment.json"",""evaluation"":""runs/20260503_173918_mlf_001/evaluation.json"",""concept_note"":""runs/20260503_173918_mlf_001/concept_note.json"",""refined_note"":""notes/refined/mlf_001_refined.md"",""architect_note"":""runs/20260503_173918_mlf_001/architect_note.json"",""answer_coaching"":""runs/20260503_173918_mlf_001/answer_coaching.json""},""topic_name"":""What machine learning is actually learning"",""next_action"":""reinforce_and_continue"",""prerequisites"":[]}",2026-05-03 19:05:26.132208+00,2026-05-03 19:05:26.132208+00
20260508_081616_mlf_005,mlf_005,Generalization,evaluation_complete,completed,"{""phase"":""evaluation_complete"",""run_id"":""20260508_081616_mlf_005"",""scores"":{""communication"":3,""conceptual_clarity"":3,""architect_reasoning"":3,""practical_reasoning"":3},""status"":""completed"",""topic_id"":""mlf_005"",""artifacts"":{""answers"":""runs/20260508_081616_mlf_005/answers.json"",""rewards"":""runs/20260508_081616_mlf_005/rewards.json"",""assessment"":""runs/20260508_081616_mlf_005/assessment.json"",""evaluation"":""runs/20260508_081616_mlf_005/evaluation.json"",""concept_note"":""runs/20260508_081616_mlf_005/concept_note.json"",""refined_note"":""notes/refined/mlf_005_refined.md"",""architect_note"":""runs/20260508_081616_mlf_005/architect_note.json"",""answer_coaching"":""runs/20260508_081616_mlf_005/answer_coaching.json""},""topic_name"":""Generalization"",""next_action"":""reinforce_and_continue"",""prerequisites"":[""mlf_004""]}",2026-05-08 08:16:58.498431+00,2026-05-08 16:55:02.298881+00
20260508_170156_mlf_006,mlf_006,Overfitting vs underfitting,evaluation_complete,completed,"{""phase"":""evaluation_complete"",""run_id"":""20260508_170156_mlf_006"",""scores"":{""communication"":3,""conceptual_clarity"":3,""architect_reasoning"":3,""practical_reasoning"":3},""status"":""completed"",""topic_id"":""mlf_006"",""artifacts"":{""answers"":""runs/20260508_170156_mlf_006/answers.json"",""rewards"":""runs/20260508_170156_mlf_006/rewards.json"",""assessment"":""runs/20260508_170156_mlf_006/assessment.json"",""evaluation"":""runs/20260508_170156_mlf_006/evaluation.json"",""concept_note"":""runs/20260508_170156_mlf_006/concept_note.json"",""refined_note"":""notes/refined/mlf_006_refined.md"",""architect_note"":""runs/20260508_170156_mlf_006/architect_note.json"",""answer_coaching"":""runs/20260508_170156_mlf_006/answer_coaching.json""},""topic_name"":""Overfitting vs underfitting"",""next_action"":""reinforce_and_continue"",""prerequisites"":[""mlf_005""]}",2026-05-08 17:03:01.171381+00,2026-05-08 17:35:22.45656+00
20260508_175037_mlf_007,mlf_007,Data leakage,superseded,superseded,"{""phase"":""superseded"",""run_id"":""20260508_175037_mlf_007"",""scores"":{""communication"":null,""conceptual_clarity"":null,""architect_reasoning"":null,""practical_reasoning"":null},""status"":""superseded"",""topic_id"":""mlf_007"",""artifacts"":{""answers"":""assessments/answers/20260508_175037_mlf_007_answers.json"",""assessment"":""runs/20260508_175037_mlf_007/assessment.json"",""evaluation"":null,""concept_note"":""runs/20260508_175037_mlf_007/concept_note.json"",""refined_note"":null,""architect_note"":""runs/20260508_175037_mlf_007/architect_note.json""},""topic_name"":""Data leakage"",""next_action"":""await_user_answers"",""prerequisites"":[""mlf_006""],""superseded_at"":""2026-06-14T14:35:21.520592+00:00"",""superseded_reason"":""v2_1_cleanup_stale_in_progress_after_latest_redo""}",2026-05-08 17:51:25.34298+00,2026-06-14 14:35:21.520592+00
20260509_105718_mlf_007,mlf_007,Data leakage,evaluation_complete,completed,"{""phase"":""evaluation_complete"",""run_id"":""20260509_105718_mlf_007"",""scores"":{""communication"":3,""conceptual_clarity"":3,""architect_reasoning"":3,""practical_reasoning"":2},""status"":""completed"",""topic_id"":""mlf_007"",""artifacts"":{""answers"":""runs/20260509_105718_mlf_007/answers.json"",""rewards"":""runs/20260509_105718_mlf_007/rewards.json"",""assessment"":""runs/20260509_105718_mlf_007/assessment.json"",""evaluation"":""runs/20260509_105718_mlf_007/evaluation.json"",""concept_note"":""runs/20260509_105718_mlf_007/concept_note.json"",""refined_note"":""notes/refined/mlf_007_refined.md"",""architect_note"":""runs/20260509_105718_mlf_007/architect_note.json"",""answer_coaching"":""runs/20260509_105718_mlf_007/answer_coaching.json"",""practice_result"":null,""practice_coaching"":null,""practice_exercise"":null,""practice_submission"":null},""topic_name"":""Data leakage"",""next_action"":""reinforce_and_continue"",""prerequisites"":[""mlf_006""]}",2026-05-09 10:58:23.701146+00,2026-05-09 12:42:31.276885+00
20260509_124418_mlf_008,mlf_008,Bias vs variance,evaluation_complete,completed,"{""phase"":""evaluation_complete"",""run_id"":""20260509_124418_mlf_008"",""scores"":{""communication"":3,""conceptual_clarity"":3,""architect_reasoning"":3,""practical_reasoning"":2},""status"":""completed"",""topic_id"":""mlf_008"",""artifacts"":{""answers"":""runs/20260509_124418_mlf_008/answers.json"",""rewards"":""runs/20260509_124418_mlf_008/rewards.json"",""assessment"":""runs/20260509_124418_mlf_008/assessment.json"",""evaluation"":""runs/20260509_124418_mlf_008/evaluation.json"",""concept_note"":""runs/20260509_124418_mlf_008/concept_note.json"",""refined_note"":""notes/refined/mlf_008_refined.md"",""architect_note"":""runs/20260509_124418_mlf_008/architect_note.json"",""answer_coaching"":""runs/20260509_124418_mlf_008/answer_coaching.json"",""practice_result"":null,""practice_coaching"":null,""practice_exercise"":null,""practice_submission"":null},""topic_name"":""Bias vs variance"",""next_action"":""reinforce_and_continue"",""prerequisites"":[""mlf_007""]}",2026-05-09 12:44:57.747969+00,2026-05-09 14:32:41.756146+00
20260509_150436_mlf_009,mlf_009,Why accuracy can lie,superseded,superseded,"{""phase"":""superseded"",""run_id"":""20260509_150436_mlf_009"",""scores"":{""communication"":null,""conceptual_clarity"":null,""architect_reasoning"":null,""practical_reasoning"":null},""status"":""superseded"",""topic_id"":""mlf_009"",""artifacts"":{""answers"":""assessments/answers/20260509_150436_mlf_009_answers.json"",""assessment"":""runs/20260509_150436_mlf_009/assessment.json"",""evaluation"":null,""concept_note"":""runs/20260509_150436_mlf_009/concept_note.json"",""refined_note"":null,""architect_note"":""runs/20260509_150436_mlf_009/architect_note.json"",""practice_result"":null,""practice_coaching"":null,""practice_exercise"":""runs/20260509_150436_mlf_009/practice_exercise.json"",""practice_submission"":""assessments/answers/20260509_150436_mlf_009_practice_submission.json""},""topic_name"":""Why accuracy can lie"",""next_action"":""await_user_answers"",""prerequisites"":[""mlf_008""],""superseded_at"":""2026-06-14T14:35:21.520592+00:00"",""superseded_reason"":""v2_1_cleanup_stale_in_progress_after_latest_redo""}",2026-05-09 15:05:08.794741+00,2026-06-14 14:35:21.520592+00
20260510_081818_mlf_009,mlf_009,Why accuracy can lie,evaluation_complete,completed,"{""phase"":""evaluation_complete"",""run_id"":""20260510_081818_mlf_009"",""scores"":{""communication"":3,""conceptual_clarity"":3,""architect_reasoning"":2,""practical_reasoning"":2},""status"":""completed"",""topic_id"":""mlf_009"",""artifacts"":{""answers"":""runs/20260510_081818_mlf_009/answers.json"",""rewards"":""runs/20260510_081818_mlf_009/rewards.json"",""assessment"":""runs/20260510_081818_mlf_009/assessment.json"",""evaluation"":""runs/20260510_081818_mlf_009/evaluation.json"",""concept_note"":""runs/20260510_081818_mlf_009/concept_note.json"",""refined_note"":""notes/refined/mlf_009_refined.md"",""architect_note"":""runs/20260510_081818_mlf_009/architect_note.json"",""answer_coaching"":""runs/20260510_081818_mlf_009/answer_coaching.json"",""practice_result"":""runs/20260510_081818_mlf_009/practice_result.json"",""practice_coaching"":""runs/20260510_081818_mlf_009/practice_coaching.json"",""practice_exercise"":""runs/20260510_081818_mlf_009/practice_exercise.json"",""practice_submission"":""assessments/answers/20260510_081818_mlf_009_practice_submission.json""},""topic_name"":""Why accuracy can lie"",""next_action"":""reinforce_and_continue"",""prerequisites"":[""mlf_008""]}",2026-05-10 08:19:11.752292+00,2026-05-10 09:40:12.994414+00
20260510_124047_mlf_010,mlf_010,Precision vs recall,evaluation_complete,completed,"{""phase"":""evaluation_complete"",""run_id"":""20260510_124047_mlf_010"",""scores"":{""communication"":3,""conceptual_clarity"":2,""architect_reasoning"":3,""practical_reasoning"":2},""status"":""completed"",""topic_id"":""mlf_010"",""artifacts"":{""answers"":""runs/20260510_124047_mlf_010/answers.json"",""rewards"":""runs/20260510_124047_mlf_010/rewards.json"",""assessment"":""runs/20260510_124047_mlf_010/assessment.json"",""evaluation"":""runs/20260510_124047_mlf_010/evaluation.json"",""concept_note"":""runs/20260510_124047_mlf_010/concept_note.json"",""refined_note"":""notes/refined/mlf_010_refined.md"",""architect_note"":""runs/20260510_124047_mlf_010/architect_note.json"",""answer_coaching"":""runs/20260510_124047_mlf_010/answer_coaching.json"",""practice_result"":null,""practice_coaching"":null,""practice_exercise"":null,""practice_submission"":null},""topic_name"":""Precision vs recall"",""next_action"":""reinforce_and_continue"",""prerequisites"":[""mlf_009""]}",2026-05-10 12:41:46.350789+00,2026-05-10 16:38:19.866621+00
20260510_182455_mlf_001,mlf_001,What machine learning is actually learning,abandoned_stale_run,abandoned,"{""phase"":""abandoned_stale_run"",""run_id"":""20260510_182455_mlf_001"",""scores"":{""communication"":null,""conceptual_clarity"":null,""architect_reasoning"":null,""practical_reasoning"":null},""status"":""abandoned"",""topic_id"":""mlf_001"",""artifacts"":{""answers"":""assessments/answers/20260510_182455_mlf_001_answers.json"",""assessment"":""runs/20260510_182455_mlf_001/assessment.json"",""evaluation"":null,""concept_note"":""runs/20260510_182455_mlf_001/concept_note.json"",""refined_note"":null,""architect_note"":""runs/20260510_182455_mlf_001/architect_note.json"",""practice_result"":null,""practice_coaching"":null,""practice_exercise"":null,""practice_submission"":null},""topic_name"":""What machine learning is actually learning"",""next_action"":""ignored_stale_completed_topic_run"",""prerequisites"":[],""abandoned_reason"":""Local awaiting run was for a topic already completed in durable progress. It was abandoned automatically so the next unlocked curriculum item can start.""}",2026-05-10 18:25:30.799527+00,2026-05-10 18:56:55.087511+00
20260510_185656_checkpoint_ml_foundations_001,checkpoint_ml_foundations_001,Checkpoint 1: ML Foundations Review,superseded,superseded,"{""phase"":""superseded"",""run_id"":""20260510_185656_checkpoint_ml_foundations_001"",""scores"":{""communication"":null,""conceptual_clarity"":null,""architect_reasoning"":null,""practical_reasoning"":null},""status"":""superseded"",""topic_id"":""checkpoint_ml_foundations_001"",""artifacts"":{""answers"":""assessments/answers/20260510_185656_checkpoint_ml_foundations_001_answers.json"",""assessment"":""runs/20260510_185656_checkpoint_ml_foundations_001/assessment.json"",""evaluation"":null,""concept_note"":""runs/20260510_185656_checkpoint_ml_foundations_001/concept_note.json"",""refined_note"":null,""architect_note"":""runs/20260510_185656_checkpoint_ml_foundations_001/architect_note.json"",""practice_result"":null,""practice_coaching"":null,""practice_exercise"":""runs/20260510_185656_checkpoint_ml_foundations_001/practice_exercise.json"",""practice_submission"":""assessments/answers/20260510_185656_checkpoint_ml_foundations_001_practice_submission.json""},""topic_name"":""Checkpoint 1: ML Foundations Review"",""next_action"":""await_user_answers"",""prerequisites"":[""mlf_010""],""superseded_at"":""2026-06-14T14:35:21.520592+00:00"",""superseded_reason"":""v2_1_cleanup_stale_in_progress_after_latest_redo""}",2026-05-10 18:56:56.444521+00,2026-06-14 14:35:21.520592+00
20260511_165301_checkpoint_ml_foundations_001,checkpoint_ml_foundations_001,Checkpoint 1: ML Foundations Review,evaluation_complete,completed,"{""phase"":""evaluation_complete"",""run_id"":""20260511_165301_checkpoint_ml_foundations_001"",""scores"":{""communication"":2,""conceptual_clarity"":2,""architect_reasoning"":2,""practical_reasoning"":3},""status"":""completed"",""topic_id"":""checkpoint_ml_foundations_001"",""artifacts"":{""answers"":""runs/20260511_165301_checkpoint_ml_foundations_001/answers.json"",""rewards"":""runs/20260511_165301_checkpoint_ml_foundations_001/rewards.json"",""assessment"":""runs/20260511_165301_checkpoint_ml_foundations_001/assessment.json"",""evaluation"":""runs/20260511_165301_checkpoint_ml_foundations_001/evaluation.json"",""concept_note"":""runs/20260511_165301_checkpoint_ml_foundations_001/concept_note.json"",""refined_note"":""notes/refined/checkpoint_ml_foundations_001_refined.md"",""architect_note"":""runs/20260511_165301_checkpoint_ml_foundations_001/architect_note.json"",""answer_coaching"":""runs/20260511_165301_checkpoint_ml_foundations_001/answer_coaching.json"",""practice_result"":""runs/20260511_165301_checkpoint_ml_foundations_001/practice_result.json"",""practice_coaching"":""runs/20260511_165301_checkpoint_ml_foundations_001/practice_coaching.json"",""practice_exercise"":""runs/20260511_165301_checkpoint_ml_foundations_001/practice_exercise.json"",""practice_submission"":""assessments/answers/20260511_165301_checkpoint_ml_foundations_001_practice_submission.json""},""topic_name"":""Checkpoint 1: ML Foundations Review"",""next_action"":""reinforce_and_continue"",""prerequisites"":[""mlf_010""]}",2026-05-11 16:53:01.93735+00,2026-05-11 19:41:18.380588+00
20260511_194224_mlf_011,mlf_011,Model selection and validation strategy,superseded,superseded,"{""phase"":""superseded"",""run_id"":""20260511_194224_mlf_011"",""scores"":{""communication"":null,""conceptual_clarity"":null,""architect_reasoning"":null,""practical_reasoning"":null},""status"":""superseded"",""topic_id"":""mlf_011"",""artifacts"":{""answers"":""assessments/answers/20260511_194224_mlf_011_answers.json"",""assessment"":""runs/20260511_194224_mlf_011/assessment.json"",""evaluation"":null,""concept_note"":""runs/20260511_194224_mlf_011/concept_note.json"",""refined_note"":null,""architect_note"":""runs/20260511_194224_mlf_011/architect_note.json"",""practice_result"":null,""practice_coaching"":null,""practice_exercise"":null,""practice_submission"":null},""topic_name"":""Model selection and validation strategy"",""next_action"":""await_user_answers"",""prerequisites"":[""checkpoint_ml_foundations_001""],""superseded_at"":""2026-06-14T14:35:21.520592+00:00"",""superseded_reason"":""v2_1_cleanup_stale_in_progress_after_latest_redo""}",2026-05-11 19:42:55.963401+00,2026-06-14 14:35:21.520592+00
20260513_020507_mlf_011,mlf_011,Model selection and validation strategy,superseded,superseded,"{""phase"":""superseded"",""run_id"":""20260513_020507_mlf_011"",""scores"":{""communication"":null,""conceptual_clarity"":null,""architect_reasoning"":null,""practical_reasoning"":null},""status"":""superseded"",""topic_id"":""mlf_011"",""artifacts"":{""answers"":""assessments/answers/20260513_020507_mlf_011_answers.json"",""assessment"":""runs/20260513_020507_mlf_011/assessment.json"",""evaluation"":null,""concept_note"":""runs/20260513_020507_mlf_011/concept_note.json"",""refined_note"":null,""architect_note"":""runs/20260513_020507_mlf_011/architect_note.json"",""practice_result"":null,""practice_coaching"":null,""practice_exercise"":null,""practice_submission"":null},""topic_name"":""Model selection and validation strategy"",""next_action"":""await_user_answers"",""prerequisites"":[""checkpoint_ml_foundations_001""],""superseded_at"":""2026-06-14T14:35:21.520592+00:00"",""superseded_reason"":""v2_1_cleanup_stale_in_progress_after_latest_redo""}",2026-05-13 02:05:52.228071+00,2026-06-14 14:35:21.520592+00
20260514_184340_mlf_011,mlf_011,Model selection and validation strategy,evaluation_complete,completed,"{""phase"":""evaluation_complete"",""run_id"":""20260514_184340_mlf_011"",""scores"":{""communication"":3,""conceptual_clarity"":3,""architect_reasoning"":3,""practical_reasoning"":2},""status"":""completed"",""topic_id"":""mlf_011"",""artifacts"":{""answers"":""runs/20260514_184340_mlf_011/answers.json"",""rewards"":""runs/20260514_184340_mlf_011/rewards.json"",""assessment"":""runs/20260514_184340_mlf_011/assessment.json"",""evaluation"":""runs/20260514_184340_mlf_011/evaluation.json"",""concept_note"":""runs/20260514_184340_mlf_011/concept_note.json"",""refined_note"":""notes/refined/mlf_011_refined.md"",""architect_note"":""runs/20260514_184340_mlf_011/architect_note.json"",""answer_coaching"":""runs/20260514_184340_mlf_011/answer_coaching.json"",""practice_result"":null,""practice_coaching"":null,""practice_exercise"":null,""practice_submission"":null},""topic_name"":""Model selection and validation strategy"",""next_action"":""reinforce_and_continue"",""prerequisites"":[""checkpoint_ml_foundations_001""]}",2026-05-14 18:44:44.351883+00,2026-05-14 19:18:37.706555+00
20260515_150213_mlf_012,mlf_012,Feature engineering and feature contracts,evaluation_complete,completed,"{""phase"":""evaluation_complete"",""run_id"":""20260515_150213_mlf_012"",""scores"":{""communication"":2,""conceptual_clarity"":3,""architect_reasoning"":2,""practical_reasoning"":2},""status"":""completed"",""topic_id"":""mlf_012"",""artifacts"":{""answers"":""runs/20260515_150213_mlf_012/answers.json"",""rewards"":""runs/20260515_150213_mlf_012/rewards.json"",""assessment"":""runs/20260515_150213_mlf_012/assessment.json"",""evaluation"":""runs/20260515_150213_mlf_012/evaluation.json"",""concept_note"":""runs/20260515_150213_mlf_012/concept_note.json"",""refined_note"":""notes/refined/mlf_012_refined.md"",""architect_note"":""runs/20260515_150213_mlf_012/architect_note.json"",""answer_coaching"":""runs/20260515_150213_mlf_012/answer_coaching.json"",""practice_result"":null,""practice_coaching"":null,""practice_exercise"":null,""practice_submission"":null},""topic_name"":""Feature engineering and feature contracts"",""next_action"":""reinforce_and_continue"",""prerequisites"":[""mlf_011""]}",2026-05-15 15:03:02.129143+00,2026-05-15 19:07:17.005838+00
20260516_143057_mlf_013,mlf_013,Encoding categorical variables safely,evaluation_complete,revise,"{""phase"":""evaluation_complete"",""run_id"":""20260516_143057_mlf_013"",""scores"":{""communication"":2,""conceptual_clarity"":2,""architect_reasoning"":2,""practical_reasoning"":2},""status"":""revise"",""topic_id"":""mlf_013"",""artifacts"":{""answers"":""runs/20260516_143057_mlf_013/answers.json"",""rewards"":""runs/20260516_143057_mlf_013/rewards.json"",""assessment"":""runs/20260516_143057_mlf_013/assessment.json"",""evaluation"":""runs/20260516_143057_mlf_013/evaluation.json"",""concept_note"":""runs/20260516_143057_mlf_013/concept_note.json"",""refined_note"":""notes/refined/mlf_013_refined.md"",""architect_note"":""runs/20260516_143057_mlf_013/architect_note.json"",""answer_coaching"":""runs/20260516_143057_mlf_013/answer_coaching.json"",""practice_result"":null,""practice_coaching"":null,""practice_exercise"":null,""practice_submission"":null},""topic_name"":""Encoding categorical variables safely"",""next_action"":""retry_same_topic"",""prerequisites"":[""mlf_012""]}",2026-05-16 14:31:50.01418+00,2026-05-16 16:27:36.658654+00
20260516_171701_mlf_013,mlf_013,Encoding categorical variables safely,evaluation_complete,completed,"{""phase"":""evaluation_complete"",""run_id"":""20260516_171701_mlf_013"",""scores"":{""communication"":3,""conceptual_clarity"":3,""architect_reasoning"":3,""practical_reasoning"":2},""status"":""completed"",""topic_id"":""mlf_013"",""artifacts"":{""answers"":""runs/20260516_171701_mlf_013/answers.json"",""rewards"":""runs/20260516_171701_mlf_013/rewards.json"",""assessment"":""runs/20260516_171701_mlf_013/assessment.json"",""evaluation"":""runs/20260516_171701_mlf_013/evaluation.json"",""concept_note"":""runs/20260516_171701_mlf_013/concept_note.json"",""refined_note"":""notes/refined/mlf_013_refined.md"",""architect_note"":""runs/20260516_171701_mlf_013/architect_note.json"",""answer_coaching"":""runs/20260516_171701_mlf_013/answer_coaching.json"",""practice_result"":null,""practice_coaching"":null,""practice_exercise"":null,""practice_submission"":null},""topic_name"":""Encoding categorical variables safely"",""next_action"":""reinforce_and_continue"",""prerequisites"":[""mlf_012""]}",2026-05-16 17:18:24.458227+00,2026-05-16 19:25:28.212855+00
20260517_104526_mlf_014,mlf_014,"Scaling, normalization, and pipeline leakage",evaluation_complete,completed,"{""phase"":""evaluation_complete"",""run_id"":""20260517_104526_mlf_014"",""scores"":{""communication"":3,""conceptual_clarity"":2,""architect_reasoning"":3,""practical_reasoning"":2},""status"":""completed"",""topic_id"":""mlf_014"",""artifacts"":{""answers"":""runs/20260517_104526_mlf_014/answers.json"",""rewards"":""runs/20260517_104526_mlf_014/rewards.json"",""assessment"":""runs/20260517_104526_mlf_014/assessment.json"",""evaluation"":""runs/20260517_104526_mlf_014/evaluation.json"",""concept_note"":""runs/20260517_104526_mlf_014/concept_note.json"",""refined_note"":""notes/refined/mlf_014_refined.md"",""architect_note"":""runs/20260517_104526_mlf_014/architect_note.json"",""answer_coaching"":""runs/20260517_104526_mlf_014/answer_coaching.json"",""practice_result"":null,""practice_coaching"":null,""practice_exercise"":null,""practice_submission"":null},""topic_name"":""Scaling, normalization, and pipeline leakage"",""next_action"":""reinforce_and_continue"",""prerequisites"":[""mlf_013""]}",2026-05-17 10:46:33.026322+00,2026-05-17 17:11:59.713231+00
20260517_173308_mlf_015,mlf_015,Regularization: controlling model complexity,superseded,superseded,"{""phase"":""superseded"",""run_id"":""20260517_173308_mlf_015"",""scores"":{""communication"":null,""conceptual_clarity"":null,""architect_reasoning"":null,""practical_reasoning"":null},""status"":""superseded"",""topic_id"":""mlf_015"",""artifacts"":{""answers"":""assessments/answers/20260517_173308_mlf_015_answers.json"",""assessment"":""runs/20260517_173308_mlf_015/assessment.json"",""evaluation"":null,""concept_note"":""runs/20260517_173308_mlf_015/concept_note.json"",""refined_note"":null,""architect_note"":""runs/20260517_173308_mlf_015/architect_note.json"",""practice_result"":null,""practice_coaching"":null,""practice_exercise"":null,""practice_submission"":null},""topic_name"":""Regularization: controlling model complexity"",""next_action"":""await_user_answers"",""prerequisites"":[""mlf_014""],""superseded_at"":""2026-06-14T14:35:21.520592+00:00"",""superseded_reason"":""v2_1_cleanup_stale_in_progress_after_latest_redo""}",2026-05-17 17:33:08.130469+00,2026-06-14 14:35:21.520592+00
20260518_150133_mlf_015,mlf_015,Regularization: controlling model complexity,evaluation_complete,completed,"{""phase"":""evaluation_complete"",""run_id"":""20260518_150133_mlf_015"",""scores"":{""communication"":3,""conceptual_clarity"":3,""architect_reasoning"":3,""practical_reasoning"":2},""status"":""completed"",""topic_id"":""mlf_015"",""artifacts"":{""answers"":""runs/20260518_150133_mlf_015/answers.json"",""rewards"":""runs/20260518_150133_mlf_015/rewards.json"",""assessment"":""runs/20260518_150133_mlf_015/assessment.json"",""evaluation"":""runs/20260518_150133_mlf_015/evaluation.json"",""concept_note"":""runs/20260518_150133_mlf_015/concept_note.json"",""refined_note"":""notes/refined/mlf_015_refined.md"",""architect_note"":""runs/20260518_150133_mlf_015/architect_note.json"",""answer_coaching"":""runs/20260518_150133_mlf_015/answer_coaching.json"",""practice_result"":null,""practice_coaching"":null,""practice_exercise"":null,""practice_submission"":null},""topic_name"":""Regularization: controlling model complexity"",""next_action"":""reinforce_and_continue"",""prerequisites"":[""mlf_014""]}",2026-05-18 15:01:33.494415+00,2026-05-18 17:11:50.896687+00
20260518_173232_mlf_016,mlf_016,Threshold tuning and cost-sensitive decisions,abandoned_stale_run,abandoned,"{""phase"":""abandoned_stale_run"",""run_id"":""20260518_173232_mlf_016"",""scores"":{""communication"":null,""conceptual_clarity"":null,""architect_reasoning"":null,""practical_reasoning"":null},""status"":""abandoned"",""topic_id"":""mlf_016"",""artifacts"":{""answers"":""assessments/answers/20260518_173232_mlf_016_answers.json"",""assessment"":""runs/20260518_173232_mlf_016/assessment.json"",""evaluation"":null,""concept_note"":""runs/20260518_173232_mlf_016/concept_note.json"",""refined_note"":null,""architect_note"":""runs/20260518_173232_mlf_016/architect_note.json"",""practice_result"":null,""practice_coaching"":null,""practice_exercise"":null,""practice_submission"":null},""topic_name"":""Threshold tuning and cost-sensitive decisions"",""next_action"":""ignored_stale_completed_topic_run"",""prerequisites"":[""mlf_015""],""abandoned_reason"":""Local awaiting run was for a topic already completed in durable progress. It was abandoned automatically so the next unlocked curriculum item can start.""}",2026-05-18 17:32:32.603809+00,2026-06-14 16:42:15.70096+00
20260519_070451_mlf_016,mlf_016,Threshold tuning and cost-sensitive decisions,evaluation_complete,completed,"{""phase"":""evaluation_complete"",""run_id"":""20260519_070451_mlf_016"",""scores"":{""communication"":3,""conceptual_clarity"":3,""architect_reasoning"":2,""practical_reasoning"":3},""status"":""completed"",""topic_id"":""mlf_016"",""artifacts"":{""answers"":""runs/20260519_070451_mlf_016/answers.json"",""rewards"":""runs/20260519_070451_mlf_016/rewards.json"",""assessment"":""runs/20260519_070451_mlf_016/assessment.json"",""evaluation"":""runs/20260519_070451_mlf_016/evaluation.json"",""concept_note"":""runs/20260519_070451_mlf_016/concept_note.json"",""refined_note"":""notes/refined/mlf_016_refined.md"",""architect_note"":""runs/20260519_070451_mlf_016/architect_note.json"",""answer_coaching"":""runs/20260519_070451_mlf_016/answer_coaching.json"",""practice_result"":null,""practice_coaching"":null,""practice_exercise"":null,""practice_submission"":null},""topic_name"":""Threshold tuning and cost-sensitive decisions"",""next_action"":""reinforce_and_continue"",""prerequisites"":[""mlf_015""]}",2026-05-19 07:04:51.414341+00,2026-05-19 08:19:19.480262+00
20260519_160644_mlf_017,mlf_017,Class imbalance handling strategies,evaluation_complete,completed,"{""phase"":""evaluation_complete"",""run_id"":""20260519_160644_mlf_017"",""scores"":{""communication"":3,""conceptual_clarity"":3,""architect_reasoning"":3,""practical_reasoning"":3},""status"":""completed"",""topic_id"":""mlf_017"",""artifacts"":{""answers"":""runs/20260519_160644_mlf_017/answers.json"",""rewards"":""runs/20260519_160644_mlf_017/rewards.json"",""assessment"":""runs/20260519_160644_mlf_017/assessment.json"",""evaluation"":""runs/20260519_160644_mlf_017/evaluation.json"",""concept_note"":""runs/20260519_160644_mlf_017/concept_note.json"",""refined_note"":""notes/refined/mlf_017_refined.md"",""architect_note"":""runs/20260519_160644_mlf_017/architect_note.json"",""answer_coaching"":""runs/20260519_160644_mlf_017/answer_coaching.json"",""practice_result"":null,""practice_coaching"":null,""practice_exercise"":null,""practice_submission"":null},""topic_name"":""Class imbalance handling strategies"",""next_action"":""reinforce_and_continue"",""prerequisites"":[""mlf_016""]}",2026-05-19 16:06:44.344452+00,2026-05-19 18:24:45.591675+00
20260520_053043_mlf_018,mlf_018,Error analysis and model debugging,evaluation_complete,completed,"{""phase"":""evaluation_complete"",""run_id"":""20260520_053043_mlf_018"",""scores"":{""communication"":4,""conceptual_clarity"":4,""architect_reasoning"":4,""practical_reasoning"":4},""status"":""completed"",""topic_id"":""mlf_018"",""artifacts"":{""answers"":""runs/20260520_053043_mlf_018/answers.json"",""rewards"":""runs/20260520_053043_mlf_018/rewards.json"",""assessment"":""runs/20260520_053043_mlf_018/assessment.json"",""evaluation"":""runs/20260520_053043_mlf_018/evaluation.json"",""concept_note"":""runs/20260520_053043_mlf_018/concept_note.json"",""refined_note"":""notes/refined/mlf_018_refined.md"",""architect_note"":""runs/20260520_053043_mlf_018/architect_note.json"",""answer_coaching"":""runs/20260520_053043_mlf_018/answer_coaching.json"",""practice_result"":null,""practice_coaching"":null,""practice_exercise"":null,""practice_submission"":null},""topic_name"":""Error analysis and model debugging"",""next_action"":""next_topic"",""prerequisites"":[""mlf_017""]}",2026-05-20 05:30:43.615057+00,2026-05-20 16:28:25.597211+00
20260520_172657_mlf_019,mlf_019,Model interpretability and explainability limits,evaluation_complete,completed,"{""phase"":""evaluation_complete"",""run_id"":""20260520_172657_mlf_019"",""scores"":{""communication"":3,""conceptual_clarity"":3,""architect_reasoning"":3,""practical_reasoning"":3},""status"":""completed"",""topic_id"":""mlf_019"",""artifacts"":{""answers"":""runs/20260520_172657_mlf_019/answers.json"",""rewards"":""runs/20260520_172657_mlf_019/rewards.json"",""assessment"":""runs/20260520_172657_mlf_019/assessment.json"",""evaluation"":""runs/20260520_172657_mlf_019/evaluation.json"",""concept_note"":""runs/20260520_172657_mlf_019/concept_note.json"",""refined_note"":""notes/refined/mlf_019_refined.md"",""architect_note"":""runs/20260520_172657_mlf_019/architect_note.json"",""answer_coaching"":""runs/20260520_172657_mlf_019/answer_coaching.json"",""practice_result"":null,""practice_coaching"":null,""practice_exercise"":null,""practice_submission"":null},""topic_name"":""Model interpretability and explainability limits"",""next_action"":""reinforce_and_continue"",""prerequisites"":[""mlf_018""]}",2026-05-20 17:26:58.084549+00,2026-05-22 12:14:49.303259+00
20260522_155857_mlf_020,mlf_020,"ML monitoring: drift, performance, and retraining triggers",evaluation_complete,completed,"{""phase"":""evaluation_complete"",""run_id"":""20260522_155857_mlf_020"",""scores"":{""communication"":3,""conceptual_clarity"":3,""architect_reasoning"":3,""practical_reasoning"":3},""status"":""completed"",""topic_id"":""mlf_020"",""artifacts"":{""answers"":""runs/20260522_155857_mlf_020/answers.json"",""rewards"":""runs/20260522_155857_mlf_020/rewards.json"",""assessment"":""runs/20260522_155857_mlf_020/assessment.json"",""evaluation"":""runs/20260522_155857_mlf_020/evaluation.json"",""concept_note"":""runs/20260522_155857_mlf_020/concept_note.json"",""refined_note"":""notes/refined/mlf_020_refined.md"",""architect_note"":""runs/20260522_155857_mlf_020/architect_note.json"",""answer_coaching"":""runs/20260522_155857_mlf_020/answer_coaching.json"",""practice_result"":""runs/20260522_155857_mlf_020/practice_result.json"",""practice_coaching"":""runs/20260522_155857_mlf_020/practice_coaching.json"",""practice_exercise"":""runs/20260522_155857_mlf_020/practice_exercise.json"",""practice_submission"":""assessments/answers/20260522_155857_mlf_020_practice_submission.json"",""capstone_deliverables"":null},""topic_name"":""ML monitoring: drift, performance, and retraining triggers"",""next_action"":""reinforce_and_continue"",""prerequisites"":[""mlf_019""]}",2026-05-22 15:58:58.005272+00,2026-05-26 18:16:17.771071+00
20260526_181935_mlf_021,mlf_021,"Validation under time, group, and leakage constraints",evaluation_complete,completed,"{""phase"":""evaluation_complete"",""run_id"":""20260526_181935_mlf_021"",""scores"":{""communication"":3,""conceptual_clarity"":3,""architect_reasoning"":2,""practical_reasoning"":3},""status"":""completed"",""topic_id"":""mlf_021"",""artifacts"":{""answers"":""runs/20260526_181935_mlf_021/answers.json"",""rewards"":""runs/20260526_181935_mlf_021/rewards.json"",""assessment"":""runs/20260526_181935_mlf_021/assessment.json"",""evaluation"":""runs/20260526_181935_mlf_021/evaluation.json"",""concept_note"":""runs/20260526_181935_mlf_021/concept_note.json"",""refined_note"":""notes/refined/mlf_021_refined.md"",""architect_note"":""runs/20260526_181935_mlf_021/architect_note.json"",""answer_coaching"":""runs/20260526_181935_mlf_021/answer_coaching.json"",""practice_result"":""runs/20260526_181935_mlf_021/practice_result.json"",""practice_coaching"":""runs/20260526_181935_mlf_021/practice_coaching.json"",""practice_exercise"":""runs/20260526_181935_mlf_021/practice_exercise.json"",""practice_submission"":""assessments/answers/20260526_181935_mlf_021_practice_submission.json"",""capstone_deliverables"":null},""topic_name"":""Validation under time, group, and leakage constraints"",""next_action"":""reinforce_and_continue"",""prerequisites"":[""mlf_020""]}",2026-05-26 18:19:35.973179+00,2026-05-27 16:26:18.551466+00
20260527_180736_mlf_022,mlf_022,Hyperparameter tuning without fooling yourself,evaluation_complete,completed,"{""phase"":""evaluation_complete"",""run_id"":""20260527_180736_mlf_022"",""scores"":{""communication"":2,""conceptual_clarity"":3,""architect_reasoning"":2,""practical_reasoning"":2},""status"":""completed"",""topic_id"":""mlf_022"",""artifacts"":{""answers"":""runs/20260527_180736_mlf_022/answers.json"",""rewards"":""runs/20260527_180736_mlf_022/rewards.json"",""assessment"":""runs/20260527_180736_mlf_022/assessment.json"",""evaluation"":""runs/20260527_180736_mlf_022/evaluation.json"",""concept_note"":""runs/20260527_180736_mlf_022/concept_note.json"",""refined_note"":""notes/refined/mlf_022_refined.md"",""architect_note"":""runs/20260527_180736_mlf_022/architect_note.json"",""answer_coaching"":""runs/20260527_180736_mlf_022/answer_coaching.json"",""practice_result"":""runs/20260527_180736_mlf_022/practice_result.json"",""practice_coaching"":""runs/20260527_180736_mlf_022/practice_coaching.json"",""practice_exercise"":""runs/20260527_180736_mlf_022/practice_exercise.json"",""practice_submission"":""assessments/answers/20260527_180736_mlf_022_practice_submission.json"",""capstone_deliverables"":null},""topic_name"":""Hyperparameter tuning without fooling yourself"",""next_action"":""reinforce_and_continue"",""prerequisites"":[""mlf_021""]}",2026-05-27 18:07:36.357921+00,2026-05-28 19:15:45.157154+00
20260528_191647_mlf_023,mlf_023,"ROC, PR curves, and operating points",evaluation_complete,completed,"{""phase"":""evaluation_complete"",""run_id"":""20260528_191647_mlf_023"",""scores"":{""communication"":2,""conceptual_clarity"":3,""architect_reasoning"":2,""practical_reasoning"":3},""status"":""completed"",""topic_id"":""mlf_023"",""artifacts"":{""answers"":""runs/20260528_191647_mlf_023/answers.json"",""rewards"":""runs/20260528_191647_mlf_023/rewards.json"",""assessment"":""runs/20260528_191647_mlf_023/assessment.json"",""evaluation"":""runs/20260528_191647_mlf_023/evaluation.json"",""concept_note"":""runs/20260528_191647_mlf_023/concept_note.json"",""refined_note"":""notes/refined/mlf_023_refined.md"",""architect_note"":""runs/20260528_191647_mlf_023/architect_note.json"",""answer_coaching"":""runs/20260528_191647_mlf_023/answer_coaching.json"",""practice_result"":""runs/20260528_191647_mlf_023/practice_result.json"",""practice_coaching"":""runs/20260528_191647_mlf_023/practice_coaching.json"",""practice_exercise"":""runs/20260528_191647_mlf_023/practice_exercise.json"",""practice_submission"":""assessments/answers/20260528_191647_mlf_023_practice_submission.json"",""capstone_deliverables"":null},""topic_name"":""ROC, PR curves, and operating points"",""next_action"":""reinforce_and_continue"",""prerequisites"":[""mlf_022""]}",2026-05-28 19:16:47.451342+00,2026-05-29 15:31:45.830434+00
20260529_153603_mlf_024,mlf_024,Probability calibration and confidence,evaluation_complete,completed,"{""phase"":""evaluation_complete"",""run_id"":""20260529_153603_mlf_024"",""scores"":{""communication"":3,""conceptual_clarity"":3,""architect_reasoning"":2,""practical_reasoning"":3},""status"":""completed"",""topic_id"":""mlf_024"",""artifacts"":{""answers"":""runs/20260529_153603_mlf_024/answers.json"",""rewards"":""runs/20260529_153603_mlf_024/rewards.json"",""assessment"":""runs/20260529_153603_mlf_024/assessment.json"",""evaluation"":""runs/20260529_153603_mlf_024/evaluation.json"",""concept_note"":""runs/20260529_153603_mlf_024/concept_note.json"",""refined_note"":""notes/refined/mlf_024_refined.md"",""architect_note"":""runs/20260529_153603_mlf_024/architect_note.json"",""answer_coaching"":""runs/20260529_153603_mlf_024/answer_coaching.json"",""practice_result"":""runs/20260529_153603_mlf_024/practice_result.json"",""practice_coaching"":""runs/20260529_153603_mlf_024/practice_coaching.json"",""practice_exercise"":""runs/20260529_153603_mlf_024/practice_exercise.json"",""practice_submission"":""assessments/answers/20260529_153603_mlf_024_practice_submission.json"",""capstone_deliverables"":null},""topic_name"":""Probability calibration and confidence"",""next_action"":""reinforce_and_continue"",""prerequisites"":[""mlf_023""]}",2026-05-29 15:36:04.165358+00,2026-05-31 12:42:27.815563+00
20260531_144423_mlf_025,mlf_025,"Data quality, label quality, and sampling bias",evaluation_complete,completed,"{""phase"":""evaluation_complete"",""run_id"":""20260531_144423_mlf_025"",""scores"":{""communication"":3,""conceptual_clarity"":3,""architect_reasoning"":2,""practical_reasoning"":2},""status"":""completed"",""topic_id"":""mlf_025"",""artifacts"":{""answers"":""runs/20260531_144423_mlf_025/answers.json"",""rewards"":""runs/20260531_144423_mlf_025/rewards.json"",""assessment"":""runs/20260531_144423_mlf_025/assessment.json"",""evaluation"":""runs/20260531_144423_mlf_025/evaluation.json"",""concept_note"":""runs/20260531_144423_mlf_025/concept_note.json"",""refined_note"":""notes/refined/mlf_025_refined.md"",""architect_note"":""runs/20260531_144423_mlf_025/architect_note.json"",""answer_coaching"":""runs/20260531_144423_mlf_025/answer_coaching.json"",""practice_result"":""runs/20260531_144423_mlf_025/practice_result.json"",""practice_coaching"":""runs/20260531_144423_mlf_025/practice_coaching.json"",""practice_exercise"":""runs/20260531_144423_mlf_025/practice_exercise.json"",""practice_submission"":""assessments/answers/20260531_144423_mlf_025_practice_submission.json"",""capstone_deliverables"":null},""topic_name"":""Data quality, label quality, and sampling bias"",""next_action"":""reinforce_and_continue"",""prerequisites"":[""mlf_024""]}",2026-05-31 14:44:23.763297+00,2026-05-31 18:14:35.817459+00
20260531_181647_checkpoint_ml_architect_001,checkpoint_ml_architect_001,Checkpoint 2: ML Architect Readiness Review,evaluation_complete,revise,"{""phase"":""evaluation_complete"",""run_id"":""20260531_181647_checkpoint_ml_architect_001"",""scores"":{""communication"":3,""conceptual_clarity"":3,""architect_reasoning"":3,""practical_reasoning"":3},""status"":""revise"",""topic_id"":""checkpoint_ml_architect_001"",""artifacts"":{""answers"":""runs/20260531_181647_checkpoint_ml_architect_001/answers.json"",""rewards"":""runs/20260531_181647_checkpoint_ml_architect_001/rewards.json"",""assessment"":""runs/20260531_181647_checkpoint_ml_architect_001/assessment.json"",""evaluation"":""runs/20260531_181647_checkpoint_ml_architect_001/evaluation.json"",""concept_note"":""runs/20260531_181647_checkpoint_ml_architect_001/concept_note.json"",""refined_note"":""notes/refined/checkpoint_ml_architect_001_refined.md"",""architect_note"":""runs/20260531_181647_checkpoint_ml_architect_001/architect_note.json"",""answer_coaching"":""runs/20260531_181647_checkpoint_ml_architect_001/answer_coaching.json"",""practice_result"":""runs/20260531_181647_checkpoint_ml_architect_001/practice_result.json"",""practice_coaching"":""runs/20260531_181647_checkpoint_ml_architect_001/practice_coaching.json"",""practice_exercise"":""runs/20260531_181647_checkpoint_ml_architect_001/practice_exercise.json"",""practice_submission"":""assessments/answers/20260531_181647_checkpoint_ml_architect_001_practice_submission.json"",""capstone_deliverables"":null},""topic_name"":""Checkpoint 2: ML Architect Readiness Review"",""next_action"":""retry_same_topic"",""prerequisites"":[""mlf_025""]}",2026-05-31 18:16:48.266886+00,2026-06-03 18:05:02.354315+00
20260603_180731_checkpoint_ml_architect_001,checkpoint_ml_architect_001,Checkpoint 2: ML Architect Readiness Review,evaluation_complete,revise,"{""phase"":""evaluation_complete"",""run_id"":""20260603_180731_checkpoint_ml_architect_001"",""scores"":{""communication"":3,""conceptual_clarity"":3,""architect_reasoning"":2,""practical_reasoning"":3},""status"":""revise"",""topic_id"":""checkpoint_ml_architect_001"",""artifacts"":{""answers"":""runs/20260603_180731_checkpoint_ml_architect_001/answers.json"",""rewards"":""runs/20260603_180731_checkpoint_ml_architect_001/rewards.json"",""assessment"":""runs/20260603_180731_checkpoint_ml_architect_001/assessment.json"",""evaluation"":""runs/20260603_180731_checkpoint_ml_architect_001/evaluation.json"",""concept_note"":""runs/20260603_180731_checkpoint_ml_architect_001/concept_note.json"",""refined_note"":""notes/refined/checkpoint_ml_architect_001_refined.md"",""architect_note"":""runs/20260603_180731_checkpoint_ml_architect_001/architect_note.json"",""answer_coaching"":""runs/20260603_180731_checkpoint_ml_architect_001/answer_coaching.json"",""practice_result"":""runs/20260603_180731_checkpoint_ml_architect_001/practice_result.json"",""practice_coaching"":""runs/20260603_180731_checkpoint_ml_architect_001/practice_coaching.json"",""practice_exercise"":""runs/20260603_180731_checkpoint_ml_architect_001/practice_exercise.json"",""practice_submission"":""assessments/answers/20260603_180731_checkpoint_ml_architect_001_practice_submission.json"",""capstone_deliverables"":null},""topic_name"":""Checkpoint 2: ML Architect Readiness Review"",""next_action"":""retry_same_topic"",""prerequisites"":[""mlf_025""]}",2026-06-03 18:07:31.434774+00,2026-06-03 18:11:23.383584+00
20260603_183042_checkpoint_ml_architect_001,checkpoint_ml_architect_001,Checkpoint 2: ML Architect Readiness Review,evaluation_complete,completed,"{""phase"":""evaluation_complete"",""run_id"":""20260603_183042_checkpoint_ml_architect_001"",""scores"":{""communication"":4,""conceptual_clarity"":4,""architect_reasoning"":4,""practical_reasoning"":4},""status"":""completed"",""topic_id"":""checkpoint_ml_architect_001"",""artifacts"":{""answers"":""runs/20260603_183042_checkpoint_ml_architect_001/answers.json"",""rewards"":""runs/20260603_183042_checkpoint_ml_architect_001/rewards.json"",""assessment"":""runs/20260603_183042_checkpoint_ml_architect_001/assessment.json"",""evaluation"":""runs/20260603_183042_checkpoint_ml_architect_001/evaluation.json"",""concept_note"":""runs/20260603_183042_checkpoint_ml_architect_001/concept_note.json"",""refined_note"":""notes/refined/checkpoint_ml_architect_001_refined.md"",""architect_note"":""runs/20260603_183042_checkpoint_ml_architect_001/architect_note.json"",""answer_coaching"":""runs/20260603_183042_checkpoint_ml_architect_001/answer_coaching.json"",""practice_result"":""runs/20260603_183042_checkpoint_ml_architect_001/practice_result.json"",""practice_coaching"":""runs/20260603_183042_checkpoint_ml_architect_001/practice_coaching.json"",""practice_exercise"":""runs/20260603_183042_checkpoint_ml_architect_001/practice_exercise.json"",""practice_submission"":""assessments/answers/20260603_183042_checkpoint_ml_architect_001_practice_submission.json"",""capstone_deliverables"":null},""topic_name"":""Checkpoint 2: ML Architect Readiness Review"",""next_action"":""next_topic"",""prerequisites"":[""mlf_025""]}",2026-06-03 18:30:42.440051+00,2026-06-03 18:33:18.710014+00
20260604_150211_capstone_ml_architect_001,capstone_ml_architect_001,Capstone: Predictive Quality ML Architecture,evaluation_complete,revise,"{""phase"":""evaluation_complete"",""run_id"":""20260604_150211_capstone_ml_architect_001"",""scores"":{""communication"":3,""conceptual_clarity"":3,""architect_reasoning"":2,""practical_reasoning"":3},""status"":""revise"",""topic_id"":""capstone_ml_architect_001"",""artifacts"":{""answers"":""runs/20260604_150211_capstone_ml_architect_001/answers.json"",""rewards"":""runs/20260604_150211_capstone_ml_architect_001/rewards.json"",""assessment"":""runs/20260604_150211_capstone_ml_architect_001/assessment.json"",""evaluation"":""runs/20260604_150211_capstone_ml_architect_001/evaluation.json"",""concept_note"":""runs/20260604_150211_capstone_ml_architect_001/concept_note.json"",""refined_note"":""notes/refined/capstone_ml_architect_001_refined.md"",""architect_note"":""runs/20260604_150211_capstone_ml_architect_001/architect_note.json"",""answer_coaching"":""runs/20260604_150211_capstone_ml_architect_001/answer_coaching.json"",""practice_result"":""runs/20260604_150211_capstone_ml_architect_001/practice_result.json"",""practice_coaching"":""runs/20260604_150211_capstone_ml_architect_001/practice_coaching.json"",""practice_exercise"":""runs/20260604_150211_capstone_ml_architect_001/practice_exercise.json"",""practice_submission"":""assessments/answers/20260604_150211_capstone_ml_architect_001_practice_submission.json"",""capstone_deliverables"":""runs/20260604_150211_capstone_ml_architect_001/capstone_deliverables.json""},""topic_name"":""Capstone: Predictive Quality ML Architecture"",""next_action"":""retry_same_topic"",""prerequisites"":[""checkpoint_ml_architect_001""]}",2026-06-04 15:02:11.744039+00,2026-06-07 14:38:24.817628+00
20260607_144245_capstone_ml_architect_001,capstone_ml_architect_001,Capstone: Predictive Quality ML Architecture,evaluation_complete,revise,"{""phase"":""evaluation_complete"",""run_id"":""20260607_144245_capstone_ml_architect_001"",""scores"":{""communication"":3,""conceptual_clarity"":3,""architect_reasoning"":3,""practical_reasoning"":3},""status"":""revise"",""topic_id"":""capstone_ml_architect_001"",""artifacts"":{""answers"":""runs/20260607_144245_capstone_ml_architect_001/answers.json"",""rewards"":""runs/20260607_144245_capstone_ml_architect_001/rewards.json"",""assessment"":""runs/20260607_144245_capstone_ml_architect_001/assessment.json"",""evaluation"":""runs/20260607_144245_capstone_ml_architect_001/evaluation.json"",""concept_note"":""runs/20260607_144245_capstone_ml_architect_001/concept_note.json"",""refined_note"":""notes/refined/capstone_ml_architect_001_refined.md"",""architect_note"":""runs/20260607_144245_capstone_ml_architect_001/architect_note.json"",""answer_coaching"":""runs/20260607_144245_capstone_ml_architect_001/answer_coaching.json"",""practice_result"":""runs/20260607_144245_capstone_ml_architect_001/practice_result.json"",""practice_coaching"":""runs/20260607_144245_capstone_ml_architect_001/practice_coaching.json"",""practice_exercise"":""runs/20260607_144245_capstone_ml_architect_001/practice_exercise.json"",""practice_submission"":""assessments/answers/20260607_144245_capstone_ml_architect_001_practice_submission.json"",""capstone_deliverables"":""runs/20260607_144245_capstone_ml_architect_001/capstone_deliverables.json""},""topic_name"":""Capstone: Predictive Quality ML Architecture"",""next_action"":""retry_same_topic"",""prerequisites"":[""checkpoint_ml_architect_001""]}",2026-06-07 14:42:46.001829+00,2026-06-07 14:48:40.142955+00
20260607_171023_capstone_ml_architect_001,capstone_ml_architect_001,Capstone: Predictive Quality ML Architecture,evaluation_complete,completed,"{""phase"":""evaluation_complete"",""run_id"":""20260607_171023_capstone_ml_architect_001"",""scores"":{""communication"":3,""conceptual_clarity"":4,""architect_reasoning"":3,""practical_reasoning"":3},""status"":""completed"",""topic_id"":""capstone_ml_architect_001"",""artifacts"":{""answers"":""runs/20260607_171023_capstone_ml_architect_001/answers.json"",""rewards"":""runs/20260607_171023_capstone_ml_architect_001/rewards.json"",""assessment"":""runs/20260607_171023_capstone_ml_architect_001/assessment.json"",""evaluation"":""runs/20260607_171023_capstone_ml_architect_001/evaluation.json"",""concept_note"":""runs/20260607_171023_capstone_ml_architect_001/concept_note.json"",""refined_note"":""notes/refined/capstone_ml_architect_001_refined.md"",""architect_note"":""runs/20260607_171023_capstone_ml_architect_001/architect_note.json"",""answer_coaching"":""runs/20260607_171023_capstone_ml_architect_001/answer_coaching.json"",""practice_result"":""runs/20260607_171023_capstone_ml_architect_001/practice_result.json"",""practice_coaching"":""runs/20260607_171023_capstone_ml_architect_001/practice_coaching.json"",""practice_exercise"":""runs/20260607_171023_capstone_ml_architect_001/practice_exercise.json"",""practice_submission"":""assessments/answers/20260607_171023_capstone_ml_architect_001_practice_submission.json"",""capstone_deliverables"":""runs/20260607_171023_capstone_ml_architect_001/capstone_deliverables.json""},""topic_name"":""Capstone: Predictive Quality ML Architecture"",""next_action"":""reinforce_and_continue"",""prerequisites"":[""checkpoint_ml_architect_001""]}",2026-06-07 17:10:24.168638+00,2026-06-07 17:29:02.798058+00
20260607_173326_mlf_001,mlf_001,What machine learning is actually learning,evaluation_complete,revise,"{""phase"":""evaluation_complete"",""run_id"":""20260607_173326_mlf_001"",""scores"":{""communication"":2,""conceptual_clarity"":2,""architect_reasoning"":2,""practical_reasoning"":2},""status"":""revise"",""topic_id"":""mlf_001"",""artifacts"":{""answers"":""runs/20260607_173326_mlf_001/answers.json"",""rewards"":""runs/20260607_173326_mlf_001/rewards.json"",""assessment"":""runs/20260607_173326_mlf_001/assessment.json"",""evaluation"":""runs/20260607_173326_mlf_001/evaluation.json"",""concept_note"":""runs/20260607_173326_mlf_001/concept_note.json"",""refined_note"":""notes/refined/mlf_001_refined.md"",""architect_note"":""runs/20260607_173326_mlf_001/architect_note.json"",""answer_coaching"":""runs/20260607_173326_mlf_001/answer_coaching.json"",""practice_result"":null,""practice_coaching"":null,""practice_exercise"":null,""practice_submission"":null,""capstone_deliverables"":null},""topic_name"":""What machine learning is actually learning"",""next_action"":""retry_same_topic"",""prerequisites"":[]}",2026-06-07 17:33:27.083992+00,2026-06-08 17:32:52.941442+00
20260614_164217_mlf_009,mlf_009,Why accuracy can lie,evaluation_complete,completed,"{""phase"":""evaluation_complete"",""run_id"":""20260614_164217_mlf_009"",""scores"":{""communication"":3,""conceptual_clarity"":3,""architect_reasoning"":2,""practical_reasoning"":3},""status"":""completed"",""topic_id"":""mlf_009"",""artifacts"":{""answers"":""runs/20260614_164217_mlf_009/answers.json"",""rewards"":""runs/20260614_164217_mlf_009/rewards.json"",""assessment"":""runs/20260614_164217_mlf_009/assessment.json"",""evaluation"":""runs/20260614_164217_mlf_009/evaluation.json"",""concept_note"":""runs/20260614_164217_mlf_009/concept_note.json"",""refined_note"":""notes/refined/mlf_009_refined.md"",""architect_note"":""runs/20260614_164217_mlf_009/architect_note.json"",""answer_coaching"":""runs/20260614_164217_mlf_009/answer_coaching.json"",""practice_result"":""runs/20260614_164217_mlf_009/practice_result.json"",""practice_coaching"":""runs/20260614_164217_mlf_009/practice_coaching.json"",""practice_exercise"":""runs/20260614_164217_mlf_009/practice_exercise.json"",""practice_submission"":""assessments/answers/20260614_164217_mlf_009_practice_submission.json"",""capstone_deliverables"":null},""topic_name"":""Why accuracy can lie"",""next_action"":""reinforce_and_continue"",""prerequisites"":[""mlf_008""]}",2026-06-14 16:42:17.731955+00,2026-06-14 18:14:18.948318+00
20260614_181923_mlf_010,mlf_010,Precision vs recall,evaluation_complete,completed,"{""phase"":""evaluation_complete"",""run_id"":""20260614_181923_mlf_010"",""scores"":{""communication"":2,""conceptual_clarity"":3,""architect_reasoning"":2,""practical_reasoning"":2},""status"":""completed"",""topic_id"":""mlf_010"",""artifacts"":{""answers"":""runs/20260614_181923_mlf_010/answers.json"",""rewards"":""runs/20260614_181923_mlf_010/rewards.json"",""assessment"":""runs/20260614_181923_mlf_010/assessment.json"",""evaluation"":""runs/20260614_181923_mlf_010/evaluation.json"",""concept_note"":""runs/20260614_181923_mlf_010/concept_note.json"",""refined_note"":""notes/refined/mlf_010_refined.md"",""architect_note"":""runs/20260614_181923_mlf_010/architect_note.json"",""answer_coaching"":""runs/20260614_181923_mlf_010/answer_coaching.json"",""practice_result"":null,""practice_coaching"":null,""practice_exercise"":null,""practice_submission"":null,""capstone_deliverables"":null},""topic_name"":""Precision vs recall"",""next_action"":""reinforce_and_continue"",""prerequisites"":[""mlf_009""]}",2026-06-14 18:19:24.163741+00,2026-06-20 13:44:06.154632+00
20260623_162043_mlf_010,mlf_010,Precision vs recall,evaluation_complete,revise,"{""phase"":""evaluation_complete"",""run_id"":""20260623_162043_mlf_010"",""scores"":{""communication"":3,""conceptual_clarity"":2,""architect_reasoning"":2,""practical_reasoning"":2},""status"":""revise"",""topic_id"":""mlf_010"",""artifacts"":{""answers"":""runs/20260623_162043_mlf_010/answers.json"",""rewards"":""runs/20260623_162043_mlf_010/rewards.json"",""assessment"":""runs/20260623_162043_mlf_010/assessment.json"",""evaluation"":""runs/20260623_162043_mlf_010/evaluation.json"",""concept_note"":""runs/20260623_162043_mlf_010/concept_note.json"",""refined_note"":""notes/refined/mlf_010_refined.md"",""architect_note"":""runs/20260623_162043_mlf_010/architect_note.json"",""mcq_submission"":""runs/20260623_162043_mlf_010/mcq_submission.json"",""answer_coaching"":""runs/20260623_162043_mlf_010/answer_coaching.json"",""practice_result"":null,""practice_coaching"":null,""practice_exercise"":null,""practice_submission"":null,""capstone_deliverables"":null},""topic_name"":""Precision vs recall"",""next_action"":""retry_same_topic"",""prerequisites"":[""mlf_009""]}",2026-06-23 16:20:43.732755+00,2026-06-28 14:02:42.129622+00
20260628_140510_mlf_010,mlf_010,Precision vs recall,evaluation_complete,revise,"{""phase"":""evaluation_complete"",""run_id"":""20260628_140510_mlf_010"",""scores"":{""communication"":3,""conceptual_clarity"":2,""architect_reasoning"":2,""practical_reasoning"":2},""status"":""revise"",""topic_id"":""mlf_010"",""artifacts"":{""answers"":""runs/20260628_140510_mlf_010/answers.json"",""rewards"":""runs/20260628_140510_mlf_010/rewards.json"",""assessment"":""runs/20260628_140510_mlf_010/assessment.json"",""evaluation"":""runs/20260628_140510_mlf_010/evaluation.json"",""concept_note"":""runs/20260628_140510_mlf_010/concept_note.json"",""refined_note"":""notes/refined/mlf_010_refined.md"",""architect_note"":""runs/20260628_140510_mlf_010/architect_note.json"",""mcq_submission"":""runs/20260628_140510_mlf_010/mcq_submission.json"",""answer_coaching"":""runs/20260628_140510_mlf_010/answer_coaching.json"",""practice_result"":null,""practice_coaching"":null,""practice_exercise"":null,""practice_submission"":null,""capstone_deliverables"":null},""topic_name"":""Precision vs recall"",""next_action"":""retry_same_topic"",""prerequisites"":[""mlf_009""]}",2026-06-28 14:05:11.196133+00,2026-06-28 14:07:35.904393+00
20260628_140853_mlf_010,mlf_010,Precision vs recall,evaluation_complete,revise,"{""phase"":""evaluation_complete"",""run_id"":""20260628_140853_mlf_010"",""scores"":{""communication"":3,""conceptual_clarity"":2,""architect_reasoning"":2,""practical_reasoning"":1},""status"":""revise"",""topic_id"":""mlf_010"",""artifacts"":{""answers"":""runs/20260628_140853_mlf_010/answers.json"",""rewards"":""runs/20260628_140853_mlf_010/rewards.json"",""assessment"":""runs/20260628_140853_mlf_010/assessment.json"",""evaluation"":""runs/20260628_140853_mlf_010/evaluation.json"",""concept_note"":""runs/20260628_140853_mlf_010/concept_note.json"",""refined_note"":""notes/refined/mlf_010_refined.md"",""architect_note"":""runs/20260628_140853_mlf_010/architect_note.json"",""mcq_submission"":""runs/20260628_140853_mlf_010/mcq_submission.json"",""answer_coaching"":""runs/20260628_140853_mlf_010/answer_coaching.json"",""practice_result"":null,""practice_coaching"":null,""practice_exercise"":null,""practice_submission"":null,""capstone_deliverables"":null},""topic_name"":""Precision vs recall"",""next_action"":""retry_same_topic"",""prerequisites"":[""mlf_009""]}",2026-06-28 14:08:53.768302+00,2026-06-28 14:12:13.949647+00
20260628_141317_mlf_010,mlf_010,Precision vs recall,evaluation_complete,revise,"{""phase"":""evaluation_complete"",""run_id"":""20260628_141317_mlf_010"",""scores"":{""communication"":3,""conceptual_clarity"":2,""architect_reasoning"":2,""practical_reasoning"":2},""status"":""revise"",""topic_id"":""mlf_010"",""artifacts"":{""answers"":""runs/20260628_141317_mlf_010/answers.json"",""rewards"":""runs/20260628_141317_mlf_010/rewards.json"",""assessment"":""runs/20260628_141317_mlf_010/assessment.json"",""evaluation"":""runs/20260628_141317_mlf_010/evaluation.json"",""concept_note"":""runs/20260628_141317_mlf_010/concept_note.json"",""refined_note"":""notes/refined/mlf_010_refined.md"",""architect_note"":""runs/20260628_141317_mlf_010/architect_note.json"",""mcq_submission"":""runs/20260628_141317_mlf_010/mcq_submission.json"",""answer_coaching"":""runs/20260628_141317_mlf_010/answer_coaching.json"",""practice_result"":null,""practice_coaching"":null,""practice_exercise"":null,""practice_submission"":null,""capstone_deliverables"":null},""topic_name"":""Precision vs recall"",""next_action"":""retry_same_topic"",""prerequisites"":[""mlf_009""]}",2026-06-28 14:13:17.342238+00,2026-06-28 15:02:22.193849+00
20260628_150414_mlf_010,mlf_010,Precision vs recall,evaluation_complete,revise,"{""phase"":""evaluation_complete"",""run_id"":""20260628_150414_mlf_010"",""scores"":{""communication"":3,""conceptual_clarity"":2,""architect_reasoning"":2,""practical_reasoning"":2},""status"":""revise"",""topic_id"":""mlf_010"",""artifacts"":{""answers"":""runs/20260628_150414_mlf_010/answers.json"",""rewards"":""runs/20260628_150414_mlf_010/rewards.json"",""assessment"":""runs/20260628_150414_mlf_010/assessment.json"",""evaluation"":""runs/20260628_150414_mlf_010/evaluation.json"",""concept_note"":""runs/20260628_150414_mlf_010/concept_note.json"",""refined_note"":""notes/refined/mlf_010_refined.md"",""architect_note"":""runs/20260628_150414_mlf_010/architect_note.json"",""mcq_submission"":""runs/20260628_150414_mlf_010/mcq_submission.json"",""answer_coaching"":""runs/20260628_150414_mlf_010/answer_coaching.json"",""practice_result"":null,""practice_coaching"":null,""practice_exercise"":null,""practice_submission"":null,""capstone_deliverables"":null},""topic_name"":""Precision vs recall"",""next_action"":""retry_same_topic"",""prerequisites"":[""mlf_009""]}",2026-06-28 15:04:14.540044+00,2026-06-28 15:06:43.441833+00
20260628_150747_mlf_010,mlf_010,Precision vs recall,evaluation_complete,revise,"{""phase"":""evaluation_complete"",""run_id"":""20260628_150747_mlf_010"",""scores"":{""communication"":3,""conceptual_clarity"":2,""architect_reasoning"":3,""practical_reasoning"":2},""status"":""revise"",""topic_id"":""mlf_010"",""artifacts"":{""answers"":""runs/20260628_150747_mlf_010/answers.json"",""rewards"":""runs/20260628_150747_mlf_010/rewards.json"",""assessment"":""runs/20260628_150747_mlf_010/assessment.json"",""evaluation"":""runs/20260628_150747_mlf_010/evaluation.json"",""concept_note"":""runs/20260628_150747_mlf_010/concept_note.json"",""refined_note"":""notes/refined/mlf_010_refined.md"",""architect_note"":""runs/20260628_150747_mlf_010/architect_note.json"",""mcq_submission"":""runs/20260628_150747_mlf_010/mcq_submission.json"",""answer_coaching"":""runs/20260628_150747_mlf_010/answer_coaching.json"",""practice_result"":null,""practice_coaching"":null,""practice_exercise"":null,""practice_submission"":null,""capstone_deliverables"":null},""topic_name"":""Precision vs recall"",""next_action"":""retry_same_topic"",""prerequisites"":[""mlf_009""]}",2026-06-28 15:07:47.973941+00,2026-06-28 15:11:01.114829+00
20260628_152121_mlf_010,mlf_010,Precision vs recall,evaluation_complete,completed,"{""phase"":""evaluation_complete"",""run_id"":""20260628_152121_mlf_010"",""scores"":{""communication"":3,""conceptual_clarity"":4,""architect_reasoning"":3,""practical_reasoning"":3},""status"":""completed"",""topic_id"":""mlf_010"",""artifacts"":{""answers"":""runs/20260628_152121_mlf_010/answers.json"",""rewards"":""runs/20260628_152121_mlf_010/rewards.json"",""assessment"":""runs/20260628_152121_mlf_010/assessment.json"",""evaluation"":""runs/20260628_152121_mlf_010/evaluation.json"",""concept_note"":""runs/20260628_152121_mlf_010/concept_note.json"",""refined_note"":""notes/refined/mlf_010_refined.md"",""architect_note"":""runs/20260628_152121_mlf_010/architect_note.json"",""mcq_submission"":""runs/20260628_152121_mlf_010/mcq_submission.json"",""answer_coaching"":""runs/20260628_152121_mlf_010/answer_coaching.json"",""practice_result"":null,""practice_coaching"":null,""practice_exercise"":null,""practice_submission"":null,""capstone_deliverables"":null},""topic_name"":""Precision vs recall"",""next_action"":""reinforce_and_continue"",""prerequisites"":[""mlf_009""]}",2026-06-28 15:21:21.582137+00,2026-06-28 15:33:06.797705+00
20260628_153649_aia_001,aia_001,Agentic AI outer layer: what agents actually do,evaluation_complete,completed,"{""phase"":""evaluation_complete"",""run_id"":""20260628_153649_aia_001"",""scores"":{""communication"":4,""conceptual_clarity"":3,""architect_reasoning"":3,""practical_reasoning"":3},""status"":""completed"",""topic_id"":""aia_001"",""artifacts"":{""answers"":""runs/20260628_153649_aia_001/answers.json"",""rewards"":""runs/20260628_153649_aia_001/rewards.json"",""assessment"":""runs/20260628_153649_aia_001/assessment.json"",""evaluation"":""runs/20260628_153649_aia_001/evaluation.json"",""concept_note"":""runs/20260628_153649_aia_001/concept_note.json"",""refined_note"":""notes/refined/aia_001_refined.md"",""architect_note"":""runs/20260628_153649_aia_001/architect_note.json"",""mcq_submission"":""runs/20260628_153649_aia_001/mcq_submission.json"",""answer_coaching"":""runs/20260628_153649_aia_001/answer_coaching.json"",""practice_result"":null,""practice_coaching"":null,""practice_exercise"":null,""practice_submission"":null,""capstone_deliverables"":null},""topic_name"":""Agentic AI outer layer: what agents actually do"",""next_action"":""reinforce_and_continue"",""prerequisites"":[]}",2026-06-28 15:36:50.266678+00,2026-06-29 07:18:56.348546+00
20260629_072129_aia_002,aia_002,"Agent loop: goal, plan, tool, observe",evaluation_complete,completed,"{""phase"":""evaluation_complete"",""run_id"":""20260629_072129_aia_002"",""scores"":{""communication"":2,""conceptual_clarity"":3,""architect_reasoning"":3,""practical_reasoning"":2},""status"":""completed"",""topic_id"":""aia_002"",""artifacts"":{""answers"":""runs/20260629_072129_aia_002/answers.json"",""rewards"":""runs/20260629_072129_aia_002/rewards.json"",""assessment"":""runs/20260629_072129_aia_002/assessment.json"",""evaluation"":""runs/20260629_072129_aia_002/evaluation.json"",""concept_note"":""runs/20260629_072129_aia_002/concept_note.json"",""refined_note"":""notes/refined/aia_002_refined.md"",""architect_note"":""runs/20260629_072129_aia_002/architect_note.json"",""mcq_submission"":""runs/20260629_072129_aia_002/mcq_submission.json"",""answer_coaching"":""runs/20260629_072129_aia_002/answer_coaching.json"",""practice_result"":null,""practice_coaching"":null,""practice_exercise"":null,""practice_submission"":null,""capstone_deliverables"":null},""topic_name"":""Agent loop: goal, plan, tool, observe"",""next_action"":""reinforce_and_continue"",""prerequisites"":[""aia_001""]}",2026-06-29 07:21:29.32551+00,2026-06-30 16:46:48.764476+00
20260701_105830_aia_002,aia_002,"Agent loop: goal, plan, tool, observe",evaluation_complete,revise,"{""phase"":""evaluation_complete"",""run_id"":""20260701_105830_aia_002"",""scores"":{""communication"":2,""conceptual_clarity"":2,""architect_reasoning"":3,""practical_reasoning"":2},""status"":""revise"",""topic_id"":""aia_002"",""artifacts"":{""answers"":""runs/20260701_105830_aia_002/answers.json"",""rewards"":""runs/20260701_105830_aia_002/rewards.json"",""assessment"":""runs/20260701_105830_aia_002/assessment.json"",""evaluation"":""runs/20260701_105830_aia_002/evaluation.json"",""concept_note"":""runs/20260701_105830_aia_002/concept_note.json"",""refined_note"":""notes/refined/aia_002_refined.md"",""architect_note"":""runs/20260701_105830_aia_002/architect_note.json"",""mcq_submission"":""runs/20260701_105830_aia_002/mcq_submission.json"",""answer_coaching"":""runs/20260701_105830_aia_002/answer_coaching.json"",""practice_result"":null,""practice_coaching"":null,""practice_exercise"":null,""practice_submission"":null,""capstone_deliverables"":null},""topic_name"":""Agent loop: goal, plan, tool, observe"",""next_action"":""retry_same_topic"",""prerequisites"":[""aia_001""]}",2026-07-01 10:58:30.896151+00,2026-07-10 19:25:02.221617+00
20260710_192555_aia_002,aia_002,"Agent loop: goal, plan, tool, observe",evaluation_complete,completed,"{""phase"":""evaluation_complete"",""run_id"":""20260710_192555_aia_002"",""scores"":{""communication"":4,""conceptual_clarity"":3,""architect_reasoning"":3,""practical_reasoning"":2},""status"":""completed"",""topic_id"":""aia_002"",""artifacts"":{""answers"":""runs/20260710_192555_aia_002/answers.json"",""rewards"":""runs/20260710_192555_aia_002/rewards.json"",""assessment"":""runs/20260710_192555_aia_002/assessment.json"",""evaluation"":""runs/20260710_192555_aia_002/evaluation.json"",""concept_note"":""runs/20260710_192555_aia_002/concept_note.json"",""refined_note"":""notes/refined/aia_002_refined.md"",""architect_note"":""runs/20260710_192555_aia_002/architect_note.json"",""mcq_submission"":""runs/20260710_192555_aia_002/mcq_submission.json"",""answer_coaching"":""runs/20260710_192555_aia_002/answer_coaching.json"",""practice_result"":null,""practice_coaching"":null,""practice_exercise"":null,""practice_submission"":null,""capstone_deliverables"":null},""topic_name"":""Agent loop: goal, plan, tool, observe"",""next_action"":""reinforce_and_continue"",""prerequisites"":[""aia_001""]}",2026-07-10 19:25:55.655153+00,2026-07-20 17:04:13.662465+00
20260720_170554_aia_002,aia_002,"Agent loop: goal, plan, tool, observe",evaluation_complete,completed,"{""phase"":""awaiting_user_answers"",""run_id"":""20260720_170554_aia_002"",""scores"":{""communication"":null,""conceptual_clarity"":null,""architect_reasoning"":null,""practical_reasoning"":null},""status"":""in_progress"",""topic_id"":""aia_002"",""artifacts"":{""answers"":""assessments/answers/20260720_170554_aia_002_answers.json"",""assessment"":""runs/20260720_170554_aia_002/assessment.json"",""evaluation"":null,""concept_note"":""runs/20260720_170554_aia_002/concept_note.json"",""refined_note"":null,""architect_note"":""runs/20260720_170554_aia_002/architect_note.json"",""practice_result"":null,""practice_coaching"":null,""practice_exercise"":null,""practice_submission"":null},""redo_mode"":false,""topic_name"":""Agent loop: goal, plan, tool, observe"",""next_action"":""await_user_answers"",""prerequisites"":[""aia_001""],""selection_mode"":""next_unlocked""}",2026-07-20 17:05:54.40022+00,2026-07-22 07:03:52.259089+00
20260722_070446_aia_002,aia_002,"Agent loop: goal, plan, tool, observe",evaluation_complete,completed,"{""phase"":""evaluation_complete"",""run_id"":""20260722_070446_aia_002"",""scores"":{""communication"":4,""conceptual_clarity"":4,""architect_reasoning"":4,""practical_reasoning"":4},""status"":""completed"",""topic_id"":""aia_002"",""artifacts"":{""answers"":""runs/20260722_070446_aia_002/answers.json"",""rewards"":""runs/20260722_070446_aia_002/rewards.json"",""assessment"":""runs/20260722_070446_aia_002/assessment.json"",""evaluation"":""runs/20260722_070446_aia_002/evaluation.json"",""concept_note"":""runs/20260722_070446_aia_002/concept_note.json"",""refined_note"":""notes/refined/aia_002_refined.md"",""architect_note"":""runs/20260722_070446_aia_002/architect_note.json"",""mcq_submission"":""runs/20260722_070446_aia_002/mcq_submission.json"",""answer_coaching"":""runs/20260722_070446_aia_002/answer_coaching.json"",""practice_result"":null,""practice_coaching"":null,""practice_exercise"":null,""practice_submission"":null,""capstone_deliverables"":null},""topic_name"":""Agent loop: goal, plan, tool, observe"",""next_action"":""next_topic"",""prerequisites"":[""aia_001""]}",2026-07-22 07:04:47.254992+00,2026-07-22 08:33:41.609775+00
20260722_083432_aia_003,aia_003,"Tools, memory, guardrails and human checkpoints",evaluation_complete,completed,"{""phase"":""evaluation_complete"",""run_id"":""20260722_083432_aia_003"",""scores"":{""communication"":2,""conceptual_clarity"":3,""architect_reasoning"":3,""practical_reasoning"":2},""status"":""completed"",""topic_id"":""aia_003"",""artifacts"":{""answers"":""runs/20260722_083432_aia_003/answers.json"",""rewards"":""runs/20260722_083432_aia_003/rewards.json"",""assessment"":""runs/20260722_083432_aia_003/assessment.json"",""evaluation"":""runs/20260722_083432_aia_003/evaluation.json"",""concept_note"":""runs/20260722_083432_aia_003/concept_note.json"",""refined_note"":""notes/refined/aia_003_refined.md"",""architect_note"":""runs/20260722_083432_aia_003/architect_note.json"",""mcq_submission"":""runs/20260722_083432_aia_003/mcq_submission.json"",""answer_coaching"":""runs/20260722_083432_aia_003/answer_coaching.json"",""practice_result"":null,""practice_coaching"":null,""practice_exercise"":null,""practice_submission"":null,""capstone_deliverables"":null},""topic_name"":""Tools, memory, guardrails and human checkpoints"",""next_action"":""reinforce_and_continue"",""prerequisites"":[""aia_002""]}",2026-07-22 08:34:32.899861+00,2026-07-25 20:43:06.288729+00
20260727_175947_aia_003,aia_003,"Tools, memory, guardrails and human checkpoints",evaluation_complete,completed,"{""phase"":""evaluation_complete"",""run_id"":""20260727_175947_aia_003"",""scores"":{""communication"":3,""conceptual_clarity"":3,""architect_reasoning"":3,""practical_reasoning"":2},""status"":""completed"",""topic_id"":""aia_003"",""artifacts"":{""answers"":""runs/20260727_175947_aia_003/answers.json"",""rewards"":""runs/20260727_175947_aia_003/rewards.json"",""assessment"":""runs/20260727_175947_aia_003/assessment.json"",""evaluation"":""runs/20260727_175947_aia_003/evaluation.json"",""concept_note"":""runs/20260727_175947_aia_003/concept_note.json"",""refined_note"":""notes/refined/aia_003_refined.md"",""architect_note"":""runs/20260727_175947_aia_003/architect_note.json"",""mcq_submission"":""runs/20260727_175947_aia_003/mcq_submission.json"",""answer_coaching"":""runs/20260727_175947_aia_003/answer_coaching.json"",""practice_result"":null,""practice_coaching"":null,""practice_exercise"":null,""practice_submission"":null,""capstone_deliverables"":null},""topic_name"":""Tools, memory, guardrails and human checkpoints"",""next_action"":""reinforce_and_continue"",""prerequisites"":[""aia_002""]}",2026-07-27 17:59:47.482433+00,2026-07-27 18:09:55.897369+00
20260731_124049_aia_003,aia_003,"Tools, memory, guardrails and human checkpoints",evaluation_complete,completed,"{""phase"":""evaluation_complete"",""run_id"":""20260731_124049_aia_003"",""scores"":{""communication"":3,""conceptual_clarity"":3,""architect_reasoning"":3,""practical_reasoning"":2},""status"":""completed"",""topic_id"":""aia_003"",""artifacts"":{""answers"":""runs/20260731_124049_aia_003/answers.json"",""rewards"":""runs/20260731_124049_aia_003/rewards.json"",""assessment"":""runs/20260731_124049_aia_003/assessment.json"",""evaluation"":""runs/20260731_124049_aia_003/evaluation.json"",""concept_note"":""runs/20260731_124049_aia_003/concept_note.json"",""refined_note"":""notes/refined/aia_003_refined.md"",""architect_note"":""runs/20260731_124049_aia_003/architect_note.json"",""mcq_submission"":""runs/20260731_124049_aia_003/mcq_submission.json"",""answer_coaching"":""runs/20260731_124049_aia_003/answer_coaching.json"",""practice_result"":null,""practice_coaching"":null,""practice_exercise"":null,""practice_submission"":null,""capstone_deliverables"":null},""topic_name"":""Tools, memory, guardrails and human checkpoints"",""next_action"":""reinforce_and_continue"",""prerequisites"":[""aia_002""]}",2026-07-31 12:40:50.055242+00,2026-07-31 13:00:51.796652+00
20260805_055828_aia_003,aia_003,"Tools, memory, guardrails and human checkpoints",evaluation_complete,completed,"{""phase"":""evaluation_complete"",""run_id"":""20260805_055828_aia_003"",""scores"":{""communication"":4,""conceptual_clarity"":4,""architect_reasoning"":3,""practical_reasoning"":3},""status"":""completed"",""topic_id"":""aia_003"",""artifacts"":{""answers"":""runs/20260805_055828_aia_003/answers.json"",""rewards"":""runs/20260805_055828_aia_003/rewards.json"",""assessment"":""runs/20260805_055828_aia_003/assessment.json"",""evaluation"":""runs/20260805_055828_aia_003/evaluation.json"",""concept_note"":""runs/20260805_055828_aia_003/concept_note.json"",""refined_note"":""notes/refined/aia_003_refined.md"",""architect_note"":""runs/20260805_055828_aia_003/architect_note.json"",""mcq_submission"":""runs/20260805_055828_aia_003/mcq_submission.json"",""answer_coaching"":""runs/20260805_055828_aia_003/answer_coaching.json"",""practice_result"":null,""practice_coaching"":null,""practice_exercise"":null,""practice_submission"":null,""capstone_deliverables"":null},""topic_name"":""Tools, memory, guardrails and human checkpoints"",""next_action"":""reinforce_and_continue"",""prerequisites"":[""aia_002""]}",2026-08-05 05:58:29.14714+00,2026-08-05 06:06:13.028856+00
20260805_063411_aia_004,aia_004,Agent planning and task decomposition,evaluation_complete,completed,"{""phase"":""evaluation_complete"",""run_id"":""20260805_063411_aia_004"",""scores"":{""communication"":3,""conceptual_clarity"":3,""architect_reasoning"":3,""practical_reasoning"":2},""status"":""completed"",""topic_id"":""aia_004"",""artifacts"":{""answers"":""runs/20260805_063411_aia_004/answers.json"",""rewards"":""runs/20260805_063411_aia_004/rewards.json"",""assessment"":""runs/20260805_063411_aia_004/assessment.json"",""evaluation"":""runs/20260805_063411_aia_004/evaluation.json"",""concept_note"":""runs/20260805_063411_aia_004/concept_note.json"",""refined_note"":""notes/refined/aia_004_refined.md"",""architect_note"":""runs/20260805_063411_aia_004/architect_note.json"",""mcq_submission"":""runs/20260805_063411_aia_004/mcq_submission.json"",""answer_coaching"":""runs/20260805_063411_aia_004/answer_coaching.json"",""practice_result"":null,""practice_coaching"":null,""practice_exercise"":null,""practice_submission"":null,""capstone_deliverables"":null},""topic_name"":""Agent planning and task decomposition"",""next_action"":""reinforce_and_continue"",""prerequisites"":[""aia_003""]}",2026-08-05 06:34:12.157729+00,2026-08-09 07:18:25.259+00
20260809_072249_aia_004,aia_004,Agent planning and task decomposition,awaiting_user_answers,in_progress,"{""phase"":""awaiting_user_answers"",""run_id"":""20260809_072249_aia_004"",""scores"":{""communication"":null,""conceptual_clarity"":null,""architect_reasoning"":null,""practical_reasoning"":null},""status"":""in_progress"",""topic_id"":""aia_004"",""artifacts"":{""answers"":""assessments/answers/20260809_072249_aia_004_answers.json"",""assessment"":""runs/20260809_072249_aia_004/assessment.json"",""evaluation"":null,""concept_note"":""runs/20260809_072249_aia_004/concept_note.json"",""refined_note"":null,""architect_note"":""runs/20260809_072249_aia_004/architect_note.json"",""practice_result"":null,""practice_coaching"":null,""practice_exercise"":null,""practice_submission"":null},""redo_mode"":false,""topic_name"":""Agent planning and task decomposition"",""next_action"":""await_user_answers"",""prerequisites"":[""aia_003""],""selection_mode"":""manual_selected""}",2026-08-09 07:22:49.946784+00,2026-08-09 07:22:49.946784+00