resource_id,topic_id,resource_type,title,provider,url,purpose,estimated_minutes,is_primary,is_optional,sequence_order,last_verified_at,is_active,created_at,updated_at
res_capstone_evidently,capstone_ml_architect_001,open_source_tool,Evidently monitoring documentation,Evidently,https://docs.evidentlyai.com/introduction,Optional implementation reference for monitor and validation artifacts.,15,false,true,2,2026-05-27 18:21:28.006161+00,true,2026-05-27 18:21:28.006161+00,2026-05-27 18:21:28.006161+00
res_capstone_google_prodml,capstone_ml_architect_001,course,Production ML systems,Google Machine Learning Crash Course,https://developers.google.com/machine-learning/crash-course/production-ml-systems,"Use when assembling the monitoring, release-control and ownership sections of the capstone.",15,true,true,1,2026-05-27 18:21:28.006161+00,true,2026-05-27 18:21:28.006161+00,2026-05-27 18:21:28.006161+00
res_checkpoint_google_mlcc,checkpoint_ml_architect_001,course,Machine Learning Crash Course,Google for Developers,https://developers.google.com/machine-learning/crash-course,Use selectively to revise weak concepts exposed by the architect checkpoint.,,true,true,1,2026-05-27 18:21:28.006161+00,true,2026-05-27 18:21:28.006161+00,2026-05-27 18:21:28.006161+00
res_checkpoint_sklearn_mooc,checkpoint_ml_architect_001,course,Machine learning in Python with scikit-learn,INRIA / scikit-learn MOOC,https://inria.github.io/scikit-learn-mooc/,"Free practical course for revising validation, model selection and evaluation.",,false,true,2,2026-05-27 18:21:28.006161+00,true,2026-05-27 18:21:28.006161+00,2026-05-27 18:21:28.006161+00
res_mlf019_sklearn_importance,mlf_019,official_reference,Permutation Feature Importance,scikit-learn,https://scikit-learn.org/stable/modules/permutation_importance.html,Use after the lesson to reinforce that importance describes model dependence and must be interpreted carefully.,12,true,true,1,2026-05-27 18:21:28.006161+00,true,2026-05-27 18:21:28.006161+00,2026-05-27 18:21:28.006161+00
res_mlf020_evidently,mlf_020,open_source_tool,Evidently open-source evaluation and monitoring documentation,Evidently,https://docs.evidentlyai.com/introduction,"Optional practical reference for drift, testing and model-monitoring implementation ideas.",15,false,true,2,2026-05-27 18:21:28.006161+00,true,2026-05-27 18:21:28.006161+00,2026-05-27 18:21:28.006161+00
res_mlf020_google_prodml,mlf_020,course,Production ML systems,Google Machine Learning Crash Course,https://developers.google.com/machine-learning/crash-course/production-ml-systems,Shows why deployed ML requires data verification and monitoring beyond the model itself.,15,true,true,1,2026-05-27 18:21:28.006161+00,true,2026-05-27 18:21:28.006161+00,2026-05-27 18:21:28.006161+00
res_mlf021_inria_nested,mlf_021,notebook,Nested cross-validation,INRIA scikit-learn MOOC,https://inria.github.io/scikit-learn-mooc/python_scripts/cross_validation_nested.html,Free practical notebook showing why model selection and honest evaluation must be separated.,25,false,true,2,2026-05-27 18:21:28.006161+00,true,2026-05-27 18:21:28.006161+00,2026-05-27 18:21:28.006161+00
res_mlf021_sklearn_cv,mlf_021,official_reference,Cross-validation: evaluating estimator performance,scikit-learn,https://scikit-learn.org/stable/modules/cross_validation.html,Reference for choosing validation schemes and understanding group-aware and time-aware splitting.,18,true,true,1,2026-05-27 18:21:28.006161+00,true,2026-05-27 18:21:28.006161+00,2026-05-27 18:21:28.006161+00
res_mlf022_inria_nested,mlf_022,notebook,Nested cross-validation,INRIA scikit-learn MOOC,https://inria.github.io/scikit-learn-mooc/python_scripts/cross_validation_nested.html,Hands-on reinforcement that tuning is itself a learning process and needs independent final evidence.,25,false,true,2,2026-05-27 18:21:28.006161+00,true,2026-05-27 18:21:28.006161+00,2026-05-27 18:21:28.006161+00
res_mlf022_inria_video,mlf_022,video,Machine learning in Python with scikit-learn . Video playlist,INRIA / scikit-learn MOOC,https://www.youtube.com/playlist?list=PL2okA_2qDJ-m44KooOI7x8tu85wr4ez4f,Optional video support when the written explanation has not made model selection and tuning click.,,false,true,3,2026-05-27 18:21:28.006161+00,true,2026-05-27 18:21:28.006161+00,2026-05-27 18:21:28.006161+00
res_mlf022_sklearn_tuning,mlf_022,official_reference,Tuning the hyper-parameters of an estimator,scikit-learn,https://scikit-learn.org/stable/modules/grid_search.html,"Primary reference for search methods, search spaces and evaluation discipline.",20,true,true,1,2026-05-27 18:21:28.006161+00,true,2026-05-27 18:21:28.006161+00,2026-05-27 18:21:28.006161+00
res_mlf023_google_roc_pr,mlf_023,course,"ROC, AUC and precision-recall curves",Google Machine Learning Crash Course,https://developers.google.com/machine-learning/crash-course/classification/roc-and-auc,Explains why PR curves can be more informative for imbalanced defect detection.,10,false,true,2,2026-05-27 18:21:28.006161+00,true,2026-05-27 18:21:28.006161+00,2026-05-27 18:21:28.006161+00
res_mlf023_google_threshold,mlf_023,course,Thresholds and the confusion matrix,Google Machine Learning Crash Course,https://developers.google.com/machine-learning/crash-course/classification/thresholding,Interactive reinforcement for how moving a threshold changes true and false positives and negatives.,12,true,true,1,2026-05-27 18:21:28.006161+00,true,2026-05-27 18:21:28.006161+00,2026-05-27 18:21:28.006161+00
res_mlf023_sklearn_threshold,mlf_023,official_reference,Tuning the decision threshold for class prediction,scikit-learn,https://scikit-learn.org/stable/modules/classification_threshold.html,Technical reference for threshold policies in a scikit-learn workflow.,15,false,true,3,2026-05-27 18:21:28.006161+00,true,2026-05-27 18:21:28.006161+00,2026-05-27 18:21:28.006161+00
res_mlf024_sklearn_calibration,mlf_024,official_reference,Probability calibration,scikit-learn,https://scikit-learn.org/stable/modules/calibration.html,"Primary reference for reliability diagrams, calibrated confidence and recalibration.",20,true,true,1,2026-05-27 18:21:28.006161+00,true,2026-05-27 18:21:28.006161+00,2026-05-27 18:21:28.006161+00
res_mlf024_sklearn_curve,mlf_024,notebook,Probability Calibration Curves example,scikit-learn,https://scikit-learn.org/stable/auto_examples/calibration/plot_calibration_curve.html,Executable-style example connecting probability predictions to observed outcome rates.,15,false,true,2,2026-05-27 18:21:28.006161+00,true,2026-05-27 18:21:28.006161+00,2026-05-27 18:21:28.006161+00
res_mlf025_cleanlab,mlf_025,open_source_tool,cleanlab documentation,cleanlab,https://docs.cleanlab.ai/,Optional open-source reference for detecting label and broader dataset issues.,20,false,true,2,2026-05-27 18:21:28.006161+00,true,2026-05-27 18:21:28.006161+00,2026-05-27 18:21:28.006161+00
res_mlf025_google_data,mlf_025,course,"Datasets, generalization, and overfitting",Google Machine Learning Crash Course,https://developers.google.com/machine-learning/crash-course,"Free course anchor for thinking about data quality, sampling and trustworthy evaluation.",20,true,true,1,2026-05-27 18:21:28.006161+00,true,2026-05-27 18:21:28.006161+00,2026-05-27 18:21:28.006161+00
res_v2_3blue1brown_nn_dl_001,dl_001,video,Neural networks visual introduction,3Blue1Brown,https://www.3blue1brown.com/topics/neural-networks,Optional visual intuition for neural networks.,30,false,true,12,2026-06-14 14:15:57.24447+00,true,2026-06-14 14:15:57.24447+00,2026-06-14 14:21:07.280036+00
res_v2_3blue1brown_nn_dl_002,dl_002,video,Neural networks visual introduction,3Blue1Brown,https://www.3blue1brown.com/topics/neural-networks,Optional visual intuition for neural networks.,30,false,true,12,2026-06-14 14:15:57.24447+00,true,2026-06-14 14:15:57.24447+00,2026-06-14 14:21:07.280036+00
res_v2_3blue1brown_nn_dl_003,dl_003,video,Neural networks visual introduction,3Blue1Brown,https://www.3blue1brown.com/topics/neural-networks,Optional visual intuition for neural networks.,30,false,true,12,2026-06-14 14:15:57.24447+00,true,2026-06-14 14:15:57.24447+00,2026-06-14 14:21:07.280036+00
res_v2_3blue1brown_nn_dl_004,dl_004,video,Neural networks visual introduction,3Blue1Brown,https://www.3blue1brown.com/topics/neural-networks,Optional visual intuition for neural networks.,30,false,true,12,2026-06-14 14:15:57.24447+00,true,2026-06-14 14:15:57.24447+00,2026-06-14 14:21:07.280036+00
res_v2_3blue1brown_nn_dl_005,dl_005,video,Neural networks visual introduction,3Blue1Brown,https://www.3blue1brown.com/topics/neural-networks,Optional visual intuition for neural networks.,30,false,true,12,2026-06-14 14:15:57.24447+00,true,2026-06-14 14:15:57.24447+00,2026-06-14 14:21:07.280036+00
res_v2_3blue1brown_nn_dl_006,dl_006,video,Neural networks visual introduction,3Blue1Brown,https://www.3blue1brown.com/topics/neural-networks,Optional visual intuition for neural networks.,30,false,true,12,2026-06-14 14:15:57.24447+00,true,2026-06-14 14:15:57.24447+00,2026-06-14 14:21:07.280036+00
res_v2_3blue1brown_nn_dl_007,dl_007,video,Neural networks visual introduction,3Blue1Brown,https://www.3blue1brown.com/topics/neural-networks,Optional visual intuition for neural networks.,30,false,true,12,2026-06-14 14:15:57.24447+00,true,2026-06-14 14:15:57.24447+00,2026-06-14 14:21:07.280036+00
res_v2_3blue1brown_nn_dl_008,dl_008,video,Neural networks visual introduction,3Blue1Brown,https://www.3blue1brown.com/topics/neural-networks,Optional visual intuition for neural networks.,30,false,true,12,2026-06-14 14:15:57.24447+00,true,2026-06-14 14:15:57.24447+00,2026-06-14 14:21:07.280036+00
res_v2_3blue1brown_nn_dl_009,dl_009,video,Neural networks visual introduction,3Blue1Brown,https://www.3blue1brown.com/topics/neural-networks,Optional visual intuition for neural networks.,30,false,true,12,2026-06-14 14:15:57.24447+00,true,2026-06-14 14:15:57.24447+00,2026-06-14 14:21:07.280036+00
res_v2_3blue1brown_nn_dl_010,dl_010,video,Neural networks visual introduction,3Blue1Brown,https://www.3blue1brown.com/topics/neural-networks,Optional visual intuition for neural networks.,30,false,true,12,2026-06-14 14:15:57.24447+00,true,2026-06-14 14:15:57.24447+00,2026-06-14 14:21:07.280036+00
res_v2_fastai_intro_dl_001,dl_001,course,Practical Deep Learning for Coders,fast.ai,https://course.fast.ai/,Optional practical deep-learning course after capstone unlock.,45,true,true,11,2026-06-14 14:15:57.24447+00,true,2026-06-14 14:15:57.24447+00,2026-06-14 14:21:07.280036+00
res_v2_fastai_intro_dl_002,dl_002,course,Practical Deep Learning for Coders,fast.ai,https://course.fast.ai/,Optional practical deep-learning course after capstone unlock.,45,true,true,11,2026-06-14 14:15:57.24447+00,true,2026-06-14 14:15:57.24447+00,2026-06-14 14:21:07.280036+00
res_v2_fastai_intro_dl_003,dl_003,course,Practical Deep Learning for Coders,fast.ai,https://course.fast.ai/,Optional practical deep-learning course after capstone unlock.,45,true,true,11,2026-06-14 14:15:57.24447+00,true,2026-06-14 14:15:57.24447+00,2026-06-14 14:21:07.280036+00
res_v2_fastai_intro_dl_004,dl_004,course,Practical Deep Learning for Coders,fast.ai,https://course.fast.ai/,Optional practical deep-learning course after capstone unlock.,45,true,true,11,2026-06-14 14:15:57.24447+00,true,2026-06-14 14:15:57.24447+00,2026-06-14 14:21:07.280036+00
res_v2_fastai_intro_dl_005,dl_005,course,Practical Deep Learning for Coders,fast.ai,https://course.fast.ai/,Optional practical deep-learning course after capstone unlock.,45,true,true,11,2026-06-14 14:15:57.24447+00,true,2026-06-14 14:15:57.24447+00,2026-06-14 14:21:07.280036+00
res_v2_fastai_intro_dl_006,dl_006,course,Practical Deep Learning for Coders,fast.ai,https://course.fast.ai/,Optional practical deep-learning course after capstone unlock.,45,true,true,11,2026-06-14 14:15:57.24447+00,true,2026-06-14 14:15:57.24447+00,2026-06-14 14:21:07.280036+00
res_v2_fastai_intro_dl_007,dl_007,course,Practical Deep Learning for Coders,fast.ai,https://course.fast.ai/,Optional practical deep-learning course after capstone unlock.,45,true,true,11,2026-06-14 14:15:57.24447+00,true,2026-06-14 14:15:57.24447+00,2026-06-14 14:21:07.280036+00
res_v2_fastai_intro_dl_008,dl_008,course,Practical Deep Learning for Coders,fast.ai,https://course.fast.ai/,Optional practical deep-learning course after capstone unlock.,45,true,true,11,2026-06-14 14:15:57.24447+00,true,2026-06-14 14:15:57.24447+00,2026-06-14 14:21:07.280036+00
res_v2_fastai_intro_dl_009,dl_009,course,Practical Deep Learning for Coders,fast.ai,https://course.fast.ai/,Optional practical deep-learning course after capstone unlock.,45,true,true,11,2026-06-14 14:15:57.24447+00,true,2026-06-14 14:15:57.24447+00,2026-06-14 14:21:07.280036+00
res_v2_fastai_intro_dl_010,dl_010,course,Practical Deep Learning for Coders,fast.ai,https://course.fast.ai/,Optional practical deep-learning course after capstone unlock.,45,true,true,11,2026-06-14 14:15:57.24447+00,true,2026-06-14 14:15:57.24447+00,2026-06-14 14:21:07.280036+00
res_v2_google_mlcc_capstone_ml_architect_001,capstone_ml_architect_001,course,Machine Learning Crash Course,Google for Developers,https://developers.google.com/machine-learning/crash-course,Optional intuition-first reinforcement for ML fundamentals.,20,true,true,11,2026-06-14 14:15:57.24447+00,true,2026-06-14 14:15:57.24447+00,2026-06-14 14:21:07.280036+00
res_v2_google_mlcc_checkpoint_ml_architect_001,checkpoint_ml_architect_001,course,Machine Learning Crash Course,Google for Developers,https://developers.google.com/machine-learning/crash-course,Optional intuition-first reinforcement for ML fundamentals.,20,true,true,11,2026-06-14 14:15:57.24447+00,true,2026-06-14 14:15:57.24447+00,2026-06-14 14:21:07.280036+00
res_v2_google_mlcc_checkpoint_ml_foundations_001,checkpoint_ml_foundations_001,course,Machine Learning Crash Course,Google for Developers,https://developers.google.com/machine-learning/crash-course,Optional intuition-first reinforcement for ML fundamentals.,20,true,true,11,2026-06-14 14:15:57.24447+00,true,2026-06-14 14:15:57.24447+00,2026-06-14 14:21:07.280036+00
res_v2_google_mlcc_mlf_001,mlf_001,course,Machine Learning Crash Course,Google for Developers,https://developers.google.com/machine-learning/crash-course,Optional intuition-first reinforcement for ML fundamentals.,20,true,true,11,2026-06-14 14:15:57.24447+00,true,2026-06-14 14:15:57.24447+00,2026-06-14 14:21:07.280036+00
res_v2_google_mlcc_mlf_002,mlf_002,course,Machine Learning Crash Course,Google for Developers,https://developers.google.com/machine-learning/crash-course,Optional intuition-first reinforcement for ML fundamentals.,20,true,true,11,2026-06-14 14:15:57.24447+00,true,2026-06-14 14:15:57.24447+00,2026-06-14 14:21:07.280036+00
res_v2_google_mlcc_mlf_003,mlf_003,course,Machine Learning Crash Course,Google for Developers,https://developers.google.com/machine-learning/crash-course,Optional intuition-first reinforcement for ML fundamentals.,20,true,true,11,2026-06-14 14:15:57.24447+00,true,2026-06-14 14:15:57.24447+00,2026-06-14 14:21:07.280036+00
res_v2_google_mlcc_mlf_004,mlf_004,course,Machine Learning Crash Course,Google for Developers,https://developers.google.com/machine-learning/crash-course,Optional intuition-first reinforcement for ML fundamentals.,20,true,true,11,2026-06-14 14:15:57.24447+00,true,2026-06-14 14:15:57.24447+00,2026-06-14 14:21:07.280036+00
res_v2_google_mlcc_mlf_005,mlf_005,course,Machine Learning Crash Course,Google for Developers,https://developers.google.com/machine-learning/crash-course,Optional intuition-first reinforcement for ML fundamentals.,20,true,true,11,2026-06-14 14:15:57.24447+00,true,2026-06-14 14:15:57.24447+00,2026-06-14 14:21:07.280036+00
res_v2_google_mlcc_mlf_006,mlf_006,course,Machine Learning Crash Course,Google for Developers,https://developers.google.com/machine-learning/crash-course,Optional intuition-first reinforcement for ML fundamentals.,20,true,true,11,2026-06-14 14:15:57.24447+00,true,2026-06-14 14:15:57.24447+00,2026-06-14 14:21:07.280036+00
res_v2_google_mlcc_mlf_007,mlf_007,course,Machine Learning Crash Course,Google for Developers,https://developers.google.com/machine-learning/crash-course,Optional intuition-first reinforcement for ML fundamentals.,20,true,true,11,2026-06-14 14:15:57.24447+00,true,2026-06-14 14:15:57.24447+00,2026-06-14 14:21:07.280036+00
res_v2_google_mlcc_mlf_008,mlf_008,course,Machine Learning Crash Course,Google for Developers,https://developers.google.com/machine-learning/crash-course,Optional intuition-first reinforcement for ML fundamentals.,20,true,true,11,2026-06-14 14:15:57.24447+00,true,2026-06-14 14:15:57.24447+00,2026-06-14 14:21:07.280036+00
res_v2_google_mlcc_mlf_009,mlf_009,course,Machine Learning Crash Course,Google for Developers,https://developers.google.com/machine-learning/crash-course,Optional intuition-first reinforcement for ML fundamentals.,20,true,true,11,2026-06-14 14:15:57.24447+00,true,2026-06-14 14:15:57.24447+00,2026-06-14 14:21:07.280036+00
res_v2_google_mlcc_mlf_010,mlf_010,course,Machine Learning Crash Course,Google for Developers,https://developers.google.com/machine-learning/crash-course,Optional intuition-first reinforcement for ML fundamentals.,20,true,true,11,2026-06-14 14:15:57.24447+00,true,2026-06-14 14:15:57.24447+00,2026-06-14 14:21:07.280036+00
res_v2_google_mlcc_mlf_011,mlf_011,course,Machine Learning Crash Course,Google for Developers,https://developers.google.com/machine-learning/crash-course,Optional intuition-first reinforcement for ML fundamentals.,20,true,true,11,2026-06-14 14:15:57.24447+00,true,2026-06-14 14:15:57.24447+00,2026-06-14 14:21:07.280036+00
res_v2_google_mlcc_mlf_012,mlf_012,course,Machine Learning Crash Course,Google for Developers,https://developers.google.com/machine-learning/crash-course,Optional intuition-first reinforcement for ML fundamentals.,20,true,true,11,2026-06-14 14:15:57.24447+00,true,2026-06-14 14:15:57.24447+00,2026-06-14 14:21:07.280036+00
res_v2_google_mlcc_mlf_013,mlf_013,course,Machine Learning Crash Course,Google for Developers,https://developers.google.com/machine-learning/crash-course,Optional intuition-first reinforcement for ML fundamentals.,20,true,true,11,2026-06-14 14:15:57.24447+00,true,2026-06-14 14:15:57.24447+00,2026-06-14 14:21:07.280036+00
res_v2_google_mlcc_mlf_014,mlf_014,course,Machine Learning Crash Course,Google for Developers,https://developers.google.com/machine-learning/crash-course,Optional intuition-first reinforcement for ML fundamentals.,20,true,true,11,2026-06-14 14:15:57.24447+00,true,2026-06-14 14:15:57.24447+00,2026-06-14 14:21:07.280036+00
res_v2_google_mlcc_mlf_015,mlf_015,course,Machine Learning Crash Course,Google for Developers,https://developers.google.com/machine-learning/crash-course,Optional intuition-first reinforcement for ML fundamentals.,20,true,true,11,2026-06-14 14:15:57.24447+00,true,2026-06-14 14:15:57.24447+00,2026-06-14 14:21:07.280036+00
res_v2_google_mlcc_mlf_016,mlf_016,course,Machine Learning Crash Course,Google for Developers,https://developers.google.com/machine-learning/crash-course,Optional intuition-first reinforcement for ML fundamentals.,20,true,true,11,2026-06-14 14:15:57.24447+00,true,2026-06-14 14:15:57.24447+00,2026-06-14 14:21:07.280036+00
res_v2_google_mlcc_mlf_017,mlf_017,course,Machine Learning Crash Course,Google for Developers,https://developers.google.com/machine-learning/crash-course,Optional intuition-first reinforcement for ML fundamentals.,20,true,true,11,2026-06-14 14:15:57.24447+00,true,2026-06-14 14:15:57.24447+00,2026-06-14 14:21:07.280036+00
res_v2_google_mlcc_mlf_018,mlf_018,course,Machine Learning Crash Course,Google for Developers,https://developers.google.com/machine-learning/crash-course,Optional intuition-first reinforcement for ML fundamentals.,20,true,true,11,2026-06-14 14:15:57.24447+00,true,2026-06-14 14:15:57.24447+00,2026-06-14 14:21:07.280036+00
res_v2_google_mlcc_mlf_019,mlf_019,course,Machine Learning Crash Course,Google for Developers,https://developers.google.com/machine-learning/crash-course,Optional intuition-first reinforcement for ML fundamentals.,20,true,true,11,2026-06-14 14:15:57.24447+00,true,2026-06-14 14:15:57.24447+00,2026-06-14 14:21:07.280036+00
res_v2_google_mlcc_mlf_020,mlf_020,course,Machine Learning Crash Course,Google for Developers,https://developers.google.com/machine-learning/crash-course,Optional intuition-first reinforcement for ML fundamentals.,20,true,true,11,2026-06-14 14:15:57.24447+00,true,2026-06-14 14:15:57.24447+00,2026-06-14 14:21:07.280036+00
res_v2_google_mlcc_mlf_021,mlf_021,course,Machine Learning Crash Course,Google for Developers,https://developers.google.com/machine-learning/crash-course,Optional intuition-first reinforcement for ML fundamentals.,20,true,true,11,2026-06-14 14:15:57.24447+00,true,2026-06-14 14:15:57.24447+00,2026-06-14 14:21:07.280036+00
res_v2_google_mlcc_mlf_022,mlf_022,course,Machine Learning Crash Course,Google for Developers,https://developers.google.com/machine-learning/crash-course,Optional intuition-first reinforcement for ML fundamentals.,20,true,true,11,2026-06-14 14:15:57.24447+00,true,2026-06-14 14:15:57.24447+00,2026-06-14 14:21:07.280036+00
res_v2_google_mlcc_mlf_023,mlf_023,course,Machine Learning Crash Course,Google for Developers,https://developers.google.com/machine-learning/crash-course,Optional intuition-first reinforcement for ML fundamentals.,20,true,true,11,2026-06-14 14:15:57.24447+00,true,2026-06-14 14:15:57.24447+00,2026-06-14 14:21:07.280036+00
res_v2_google_mlcc_mlf_024,mlf_024,course,Machine Learning Crash Course,Google for Developers,https://developers.google.com/machine-learning/crash-course,Optional intuition-first reinforcement for ML fundamentals.,20,true,true,11,2026-06-14 14:15:57.24447+00,true,2026-06-14 14:15:57.24447+00,2026-06-14 14:21:07.280036+00
res_v2_google_mlcc_mlf_025,mlf_025,course,Machine Learning Crash Course,Google for Developers,https://developers.google.com/machine-learning/crash-course,Optional intuition-first reinforcement for ML fundamentals.,20,true,true,11,2026-06-14 14:15:57.24447+00,true,2026-06-14 14:15:57.24447+00,2026-06-14 14:21:07.280036+00
res_v2_sklearn_mooc_capstone_ml_architect_001,capstone_ml_architect_001,course,Machine learning in Python with scikit-learn,INRIA / scikit-learn MOOC,https://inria.github.io/scikit-learn-mooc/,"Optional practical reinforcement for validation, metrics and model selection.",30,false,true,12,2026-06-14 14:15:57.24447+00,true,2026-06-14 14:15:57.24447+00,2026-06-14 14:21:07.280036+00
res_v2_sklearn_mooc_checkpoint_ml_architect_001,checkpoint_ml_architect_001,course,Machine learning in Python with scikit-learn,INRIA / scikit-learn MOOC,https://inria.github.io/scikit-learn-mooc/,"Optional practical reinforcement for validation, metrics and model selection.",30,false,true,12,2026-06-14 14:15:57.24447+00,true,2026-06-14 14:15:57.24447+00,2026-06-14 14:21:07.280036+00
res_v2_sklearn_mooc_checkpoint_ml_foundations_001,checkpoint_ml_foundations_001,course,Machine learning in Python with scikit-learn,INRIA / scikit-learn MOOC,https://inria.github.io/scikit-learn-mooc/,"Optional practical reinforcement for validation, metrics and model selection.",30,false,true,12,2026-06-14 14:15:57.24447+00,true,2026-06-14 14:15:57.24447+00,2026-06-14 14:21:07.280036+00
res_v2_sklearn_mooc_mlf_001,mlf_001,course,Machine learning in Python with scikit-learn,INRIA / scikit-learn MOOC,https://inria.github.io/scikit-learn-mooc/,"Optional practical reinforcement for validation, metrics and model selection.",30,false,true,12,2026-06-14 14:15:57.24447+00,true,2026-06-14 14:15:57.24447+00,2026-06-14 14:21:07.280036+00
res_v2_sklearn_mooc_mlf_002,mlf_002,course,Machine learning in Python with scikit-learn,INRIA / scikit-learn MOOC,https://inria.github.io/scikit-learn-mooc/,"Optional practical reinforcement for validation, metrics and model selection.",30,false,true,12,2026-06-14 14:15:57.24447+00,true,2026-06-14 14:15:57.24447+00,2026-06-14 14:21:07.280036+00
res_v2_sklearn_mooc_mlf_003,mlf_003,course,Machine learning in Python with scikit-learn,INRIA / scikit-learn MOOC,https://inria.github.io/scikit-learn-mooc/,"Optional practical reinforcement for validation, metrics and model selection.",30,false,true,12,2026-06-14 14:15:57.24447+00,true,2026-06-14 14:15:57.24447+00,2026-06-14 14:21:07.280036+00
res_v2_sklearn_mooc_mlf_004,mlf_004,course,Machine learning in Python with scikit-learn,INRIA / scikit-learn MOOC,https://inria.github.io/scikit-learn-mooc/,"Optional practical reinforcement for validation, metrics and model selection.",30,false,true,12,2026-06-14 14:15:57.24447+00,true,2026-06-14 14:15:57.24447+00,2026-06-14 14:21:07.280036+00
res_v2_sklearn_mooc_mlf_005,mlf_005,course,Machine learning in Python with scikit-learn,INRIA / scikit-learn MOOC,https://inria.github.io/scikit-learn-mooc/,"Optional practical reinforcement for validation, metrics and model selection.",30,false,true,12,2026-06-14 14:15:57.24447+00,true,2026-06-14 14:15:57.24447+00,2026-06-14 14:21:07.280036+00
res_v2_sklearn_mooc_mlf_006,mlf_006,course,Machine learning in Python with scikit-learn,INRIA / scikit-learn MOOC,https://inria.github.io/scikit-learn-mooc/,"Optional practical reinforcement for validation, metrics and model selection.",30,false,true,12,2026-06-14 14:15:57.24447+00,true,2026-06-14 14:15:57.24447+00,2026-06-14 14:21:07.280036+00
res_v2_sklearn_mooc_mlf_007,mlf_007,course,Machine learning in Python with scikit-learn,INRIA / scikit-learn MOOC,https://inria.github.io/scikit-learn-mooc/,"Optional practical reinforcement for validation, metrics and model selection.",30,false,true,12,2026-06-14 14:15:57.24447+00,true,2026-06-14 14:15:57.24447+00,2026-06-14 14:21:07.280036+00
res_v2_sklearn_mooc_mlf_008,mlf_008,course,Machine learning in Python with scikit-learn,INRIA / scikit-learn MOOC,https://inria.github.io/scikit-learn-mooc/,"Optional practical reinforcement for validation, metrics and model selection.",30,false,true,12,2026-06-14 14:15:57.24447+00,true,2026-06-14 14:15:57.24447+00,2026-06-14 14:21:07.280036+00
res_v2_sklearn_mooc_mlf_009,mlf_009,course,Machine learning in Python with scikit-learn,INRIA / scikit-learn MOOC,https://inria.github.io/scikit-learn-mooc/,"Optional practical reinforcement for validation, metrics and model selection.",30,false,true,12,2026-06-14 14:15:57.24447+00,true,2026-06-14 14:15:57.24447+00,2026-06-14 14:21:07.280036+00
res_v2_sklearn_mooc_mlf_010,mlf_010,course,Machine learning in Python with scikit-learn,INRIA / scikit-learn MOOC,https://inria.github.io/scikit-learn-mooc/,"Optional practical reinforcement for validation, metrics and model selection.",30,false,true,12,2026-06-14 14:15:57.24447+00,true,2026-06-14 14:15:57.24447+00,2026-06-14 14:21:07.280036+00
res_v2_sklearn_mooc_mlf_011,mlf_011,course,Machine learning in Python with scikit-learn,INRIA / scikit-learn MOOC,https://inria.github.io/scikit-learn-mooc/,"Optional practical reinforcement for validation, metrics and model selection.",30,false,true,12,2026-06-14 14:15:57.24447+00,true,2026-06-14 14:15:57.24447+00,2026-06-14 14:21:07.280036+00
res_v2_sklearn_mooc_mlf_012,mlf_012,course,Machine learning in Python with scikit-learn,INRIA / scikit-learn MOOC,https://inria.github.io/scikit-learn-mooc/,"Optional practical reinforcement for validation, metrics and model selection.",30,false,true,12,2026-06-14 14:15:57.24447+00,true,2026-06-14 14:15:57.24447+00,2026-06-14 14:21:07.280036+00
res_v2_sklearn_mooc_mlf_013,mlf_013,course,Machine learning in Python with scikit-learn,INRIA / scikit-learn MOOC,https://inria.github.io/scikit-learn-mooc/,"Optional practical reinforcement for validation, metrics and model selection.",30,false,true,12,2026-06-14 14:15:57.24447+00,true,2026-06-14 14:15:57.24447+00,2026-06-14 14:21:07.280036+00
res_v2_sklearn_mooc_mlf_014,mlf_014,course,Machine learning in Python with scikit-learn,INRIA / scikit-learn MOOC,https://inria.github.io/scikit-learn-mooc/,"Optional practical reinforcement for validation, metrics and model selection.",30,false,true,12,2026-06-14 14:15:57.24447+00,true,2026-06-14 14:15:57.24447+00,2026-06-14 14:21:07.280036+00
res_v2_sklearn_mooc_mlf_015,mlf_015,course,Machine learning in Python with scikit-learn,INRIA / scikit-learn MOOC,https://inria.github.io/scikit-learn-mooc/,"Optional practical reinforcement for validation, metrics and model selection.",30,false,true,12,2026-06-14 14:15:57.24447+00,true,2026-06-14 14:15:57.24447+00,2026-06-14 14:21:07.280036+00
res_v2_sklearn_mooc_mlf_016,mlf_016,course,Machine learning in Python with scikit-learn,INRIA / scikit-learn MOOC,https://inria.github.io/scikit-learn-mooc/,"Optional practical reinforcement for validation, metrics and model selection.",30,false,true,12,2026-06-14 14:15:57.24447+00,true,2026-06-14 14:15:57.24447+00,2026-06-14 14:21:07.280036+00
res_v2_sklearn_mooc_mlf_017,mlf_017,course,Machine learning in Python with scikit-learn,INRIA / scikit-learn MOOC,https://inria.github.io/scikit-learn-mooc/,"Optional practical reinforcement for validation, metrics and model selection.",30,false,true,12,2026-06-14 14:15:57.24447+00,true,2026-06-14 14:15:57.24447+00,2026-06-14 14:21:07.280036+00
res_v2_sklearn_mooc_mlf_018,mlf_018,course,Machine learning in Python with scikit-learn,INRIA / scikit-learn MOOC,https://inria.github.io/scikit-learn-mooc/,"Optional practical reinforcement for validation, metrics and model selection.",30,false,true,12,2026-06-14 14:15:57.24447+00,true,2026-06-14 14:15:57.24447+00,2026-06-14 14:21:07.280036+00
res_v2_sklearn_mooc_mlf_019,mlf_019,course,Machine learning in Python with scikit-learn,INRIA / scikit-learn MOOC,https://inria.github.io/scikit-learn-mooc/,"Optional practical reinforcement for validation, metrics and model selection.",30,false,true,12,2026-06-14 14:15:57.24447+00,true,2026-06-14 14:15:57.24447+00,2026-06-14 14:21:07.280036+00
res_v2_sklearn_mooc_mlf_020,mlf_020,course,Machine learning in Python with scikit-learn,INRIA / scikit-learn MOOC,https://inria.github.io/scikit-learn-mooc/,"Optional practical reinforcement for validation, metrics and model selection.",30,false,true,12,2026-06-14 14:15:57.24447+00,true,2026-06-14 14:15:57.24447+00,2026-06-14 14:21:07.280036+00
res_v2_sklearn_mooc_mlf_021,mlf_021,course,Machine learning in Python with scikit-learn,INRIA / scikit-learn MOOC,https://inria.github.io/scikit-learn-mooc/,"Optional practical reinforcement for validation, metrics and model selection.",30,false,true,12,2026-06-14 14:15:57.24447+00,true,2026-06-14 14:15:57.24447+00,2026-06-14 14:21:07.280036+00
res_v2_sklearn_mooc_mlf_022,mlf_022,course,Machine learning in Python with scikit-learn,INRIA / scikit-learn MOOC,https://inria.github.io/scikit-learn-mooc/,"Optional practical reinforcement for validation, metrics and model selection.",30,false,true,12,2026-06-14 14:15:57.24447+00,true,2026-06-14 14:15:57.24447+00,2026-06-14 14:21:07.280036+00
res_v2_sklearn_mooc_mlf_023,mlf_023,course,Machine learning in Python with scikit-learn,INRIA / scikit-learn MOOC,https://inria.github.io/scikit-learn-mooc/,"Optional practical reinforcement for validation, metrics and model selection.",30,false,true,12,2026-06-14 14:15:57.24447+00,true,2026-06-14 14:15:57.24447+00,2026-06-14 14:21:07.280036+00
res_v2_sklearn_mooc_mlf_024,mlf_024,course,Machine learning in Python with scikit-learn,INRIA / scikit-learn MOOC,https://inria.github.io/scikit-learn-mooc/,"Optional practical reinforcement for validation, metrics and model selection.",30,false,true,12,2026-06-14 14:15:57.24447+00,true,2026-06-14 14:15:57.24447+00,2026-06-14 14:21:07.280036+00
res_v2_sklearn_mooc_mlf_025,mlf_025,course,Machine learning in Python with scikit-learn,INRIA / scikit-learn MOOC,https://inria.github.io/scikit-learn-mooc/,"Optional practical reinforcement for validation, metrics and model selection.",30,false,true,12,2026-06-14 14:15:57.24447+00,true,2026-06-14 14:15:57.24447+00,2026-06-14 14:21:07.280036+00